EmployeeID,Name,Department,City,Age,Experience,Salary,Bonus,PerformanceRating,ProjectsCompleted,JoiningDate
368,Sneha,HR,Pune,43,14,879554,54560,4.4,17,2017-05-04
2,Meera,Sales,Hyderabad,23,2,446493,67314,1.9,19,2015-09-07
3,Arjun,HR,Ahmedabad,49,19,833408,11703,4.0,5,2021-06-09
4,Vivaan,Operations,Kolkata,27,5,1046765,35353,2.4,11,2024-05-26
5,Reyansh,Operations,Delhi,55,33,1043844,30656,3.2,20,2024-06-19
761,Rohan,Operations,Kolkata,21,0,494692,13487,1.7,15,2022-12-13
7,Sai,Marketing,Hyderabad,43,19,1655459,79986,3.8,21,2025-02-20
8,Priya,Support,Mumbai,31,3,1045775,80765,5.0,20,2023-04-22
9,Reyansh,Operations,Kolkata,35,14,911552,115162,2.1,6,2024-12-11
10,Ishita,Sales,Chennai,46,18,549623,79436,1.6,23,2023-09-09
767,Sai,Support,Chennai,44,20,540102,143569,3.0,24,2015-02-05
12,Aarav,Operations,Delhi,59,37,1056915,110039,3.4,14,2023-05-18
13,Riya,Marketing,Bengaluru,55,30,1594194,99174,1.4,13,2017-08-01
14,Neha,Support,Bengaluru,53,31,1561349,88235,4.4,16,2024-04-05
15,Ananya,HR,Mumbai,55,26,251199,167009,2.3,0,2016-06-27
16,Sneha,Marketing,Bengaluru,36,6,415165,32453,3.9,2,2023-03-05
17,Rahul,Operations,Ahmedabad,37,8,1522119,120923,4.9,17,2018-12-10
18,Meera,HR,Hyderabad,49,20,1196835,41720,2.0,2,2020-01-19
19,Pooja,HR,Pune,21,0,1734450,175439,1.2,2,2015-06-03
20,Sneha,Support,Chennai,52,28,1380855,44684,3.9,18,2024-08-08
21,Vivaan,Operations,Delhi,33,11,453278,182748,2.7,13,2021-08-28
22,Meera,Sales,Bengaluru,24,0,1777174,98946,4.2,3,2018-04-07
23,Vivaan,Operations,Mumbai,48,25,834151,131275,2.0,2,2022-09-04
24,Rahul,IT,Chennai,26,2,598779,116539,2.9,6,2021-01-06
25,Sneha,HR,Hyderabad,37,9,848210,120888,3.8,23,2023-11-23
26,Ishita,Sales,Bengaluru,39,15,372648,161828,3.9,1,2020-01-02
27,Vihaan,Marketing,Hyderabad,24,0,418005,58712,1.3,2,2025-04-13
28,Priya,Finance,Hyderabad,58,28,333344,172367,1.3,21,2024-10-17
29,Aditya,IT,Kolkata,41,17,807034,113752,1.5,20,2019-08-11
30,Aditya,HR,Ahmedabad,60,30,459675,29204,3.2,16,2019-03-12
31,Meera,Finance,Delhi,39,16,1168939,152401,3.8,19,2025-09-01
32,Reyansh,Operations,Ahmedabad,29,4,492071,38058,4.0,4,2019-05-20
33,Riya,IT,Mumbai,34,9,1309919,138065,2.0,1,2016-11-14
34,Meera,IT,Delhi,42,19,1586123,78670,1.6,14,2023-12-14
35,Arjun,IT,Pune,25,2,1394185,19444,4.3,18,2023-03-14
36,Meera,Support,Chennai,44,23,1000380,65070,3.7,21,2016-06-25
37,Sai,Operations,Ahmedabad,60,37,746474,52598,4.9,25,2017-07-01
38,Sneha,HR,Hyderabad,47,23,809532,51732,4.1,3,2021-01-28
39,Riya,Support,Delhi,50,24,890031,69662,1.9,21,2018-07-11
40,Riya,HR,Pune,38,12,1595284,143537,2.6,17,2020-01-04
41,Pooja,IT,Chennai,23,1,1501100,123918,2.4,25,2020-07-20
42,Reyansh,Finance,Chennai,57,33,784191,21635,3.8,0,2023-09-22
43,Amit,Finance,Chennai,25,0,1556851,92291,3.7,3,2019-09-10
44,Rohan,Marketing,Pune,39,10,516941,60289,2.7,12,2025-12-06
45,Priya,Sales,Kolkata,46,17,250851,89658,-inf,13,2024-10-21
46,Ananya,Marketing,Ahmedabad,49,25,1322009,134042,4.2,25,2017-11-03
47,Shrey,Sales,Delhi,26,2,1660954,91374,1.9,6,2017-01-02
48,Shrey,HR,Mumbai,50,23,1570713,160908,1.8,22,2021-08-13
49,Meera,HR,Delhi,27,0,708943,56107,4.2,22,2023-08-02
50,Karan,Marketing,Chennai,50,27,1224427,185001,3.1,17,2024-06-25
51,Pooja,Sales,Hyderabad,56,28,583778,134433,2.8,24,2018-11-09
52,Aditya,HR,Bengaluru,38,10,-inf,197051,2.1,8,2020-06-18
53,Meera,Sales,Chennai,35,8,1705318,50056,3.8,2,2021-07-11
54,Sneha,IT,Ahmedabad,24,0,1131104,112099,4.6,18,2015-10-13
55,Shrey,Finance,Chennai,40,13,1128751,151091,4.0,17,2024-04-16
56,Karan,HR,Mumbai,52,31,1065492,98114,3.7,25,2021-12-06
57,Karan,HR,Mumbai,46,16,1433615,183801,1.1,20,2021-03-28
58,Amit,Finance,Delhi,37,10,936508,65485,2.8,10,2021-05-25
59,Vivaan,Support,Mumbai,51,30,1381243,23653,5.0,11,2018-11-03
60,Ishita,HR,Kolkata,36,12,292739,172879,1.6,4,2022-11-04
61,Vihaan,Marketing,Mumbai,37,11,601879,168831,3.4,23,2016-03-10
62,Shrey,IT,Pune,40,10,1670500,108384,2.6,22,2018-02-19
63,Pooja,Operations,Ahmedabad,59,37,1436846,20766,2.4,13,2025-06-03
64,Arjun,Sales,Bengaluru,21,0,1278027,37666,2.7,11,2025-08-23
65,Riya,Finance,Hyderabad,54,29,1541661,151078,4.1,14,2021-12-19
66,Priya,IT,Kolkata,26,1,1195400,73927,4.0,18,2024-11-13
67,Riya,Marketing,Mumbai,41,18,1272466,65605,2.4,8,2020-05-20
68,Sneha,Operations,Kolkata,54,30,429543,73270,3.9,15,2023-04-23
69,Ishita,Finance,Kolkata,49,28,445147,87132,1.9,22,2018-05-22
70,Karan,Finance,Pune,56,27,,121543,5.0,17,2020-06-23
71,Reyansh,HR,Kolkata,37,13,503033,199080,1.8,3,2023-12-06
72,Neha,HR,Pune,38,8,1350243,166445,2.1,3,2018-05-08
73,Arjun,Operations,Kolkata,21,0,515463,81909,1.2,1,2023-05-23
74,Riya,Support,Kolkata,27,6,1453899,84537,2.9,14,2020-03-02
75,Arjun,Support,Pune,28,6,1090344,138908,1.3,20,2025-01-05
76,Pooja,Sales,Kolkata,26,2,498410,156295,4.1,19,2024-10-08
77,Vihaan,Support,Hyderabad,49,24,1484226,122415,2.2,19,2015-10-24
78,Aarav,Sales,Kolkata,34,9,1635018,31282,1.6,5,2023-02-06
79,Karan,IT,Hyderabad,59,31,,18556,1.9,22,2019-12-28
80,Riya,Support,Bengaluru,37,7,1636601,61857,2.7,17,2018-11-05
81,Karan,Operations,Pune,25,4,597965,90638,3.4,18,2019-08-04
82,Priya,Marketing,Pune,46,21,1299566,151552,3.0,2,2024-01-14
83,Riya,Marketing,Mumbai,,0,730089,186763,4.3,18,2024-01-25
84,Sneha,IT,Kolkata,32,4,1338346,180789,2.8,8,2017-10-14
85,Sneha,Finance,Chennai,43,16,948998,94163,3.7,5,2020-07-23
86,Pooja,Support,Mumbai,56,35,1203839,33084,2.3,10,2016-07-28
87,Karan,Support,Mumbai,55,27,1116642,24209,1.8,11,2024-08-21
88,Rohan,Support,Hyderabad,34,9,1401797,44344,4.7,14,2022-02-01
89,Vihaan,Operations,Bengaluru,31,6,1405193,13584,3.2,2,2018-02-15
90,Meera,HR,Chennai,52,27,1317181,194919,2.1,15,2022-04-15
385,Pooja,Finance,Mumbai,33,3,1315858,45784,4.5,8,2021-06-26
92,Sneha,Finance,Ahmedabad,39,14,1480897,162023,5.0,15,2017-08-18
93,Shrey,Support,Chennai,56,27,1041066,129365,4.7,6,2018-10-13
94,Arjun,Sales,Mumbai,23,0,1241903,194871,4.7,12,2021-11-26
95,Aarav,Operations,Bengaluru,29,0,1487698,97030,4.5,14,2016-09-15
96,Rahul,Operations,Delhi,47,24,406926,133074,4.1,8,2020-10-23
97,Rohan,IT,Hyderabad,42,13,1046937,93010,3.5,24,2022-09-02
98,Vihaan,Sales,Bengaluru,39,15,439539,123763,4.9,24,2025-12-28
99,Arjun,HR,Chennai,40,19,346450,95032,4.2,9,2020-06-14
100,Sneha,Marketing,Bengaluru,57,34,606481,55893,1.3,12,2024-11-08
101,Meera,HR,Delhi,35,7,1587782,76578,2.8,21,2015-08-10
102,Ananya,HR,Chennai,49,23,1482227,88421,3.6,13,2019-08-28
103,Aarav,Support,Chennai,51,29,747456,109972,3.3,18,2019-12-10
104,Ananya,Support,Hyderabad,38,17,1436839,189778,4.1,1,2024-12-16
105,Arjun,Operations,Delhi,59,33,709285,176885,1.8,8,2025-12-25
106,Priya,Operations,Chennai,23,0,1174473,18746,3.3,23,2017-02-10
138,Arjun,HR,Delhi,31,9,1320561,175996,1.5,16,2018-06-12
108,Rahul,Support,Ahmedabad,39,13,491528,132770,4.9,4,2018-11-24
109,Riya,Marketing,Chennai,26,0,279189,79326,3.1,14,2020-11-24
110,Shrey,Operations,Delhi,44,22,1665234,71295,2.9,19,2023-06-20
111,Vihaan,IT,Hyderabad,50,25,1611553,117032,1.5,1,2015-05-16
112,Arjun,Sales,Delhi,55,32,1065049,128919,2.5,23,2023-07-19
113,Shrey,Support,Ahmedabad,52,22,1105881,83332,1.1,11,2018-08-15
114,Karan,IT,Hyderabad,27,1,1391827,179037,2.4,12,2019-04-04
115,Meera,HR,Hyderabad,59,38,356070,97427,,4,2024-04-03
116,Sai,IT,Mumbai,35,9,559443,166233,1.0,4,2017-09-09
117,Arjun,Operations,Chennai,29,8,1001288,72372,3.4,0,2017-05-02
118,Karan,Marketing,Hyderabad,54,32,383290,134845,2.8,11,2023-10-04
119,Sneha,Support,Chennai,60,39,1775139,182727,3.1,14,2025-01-02
120,Arjun,IT,Bengaluru,48,26,1278168,196751,4.6,2,2016-06-20
121,Ananya,Sales,Chennai,38,8,1577658,163449,3.2,10,2021-10-17
122,Shrey,Sales,Ahmedabad,27,5,1623032,180633,4.5,17,2018-07-15
123,Arjun,Operations,Kolkata,50,23,1122393,34926,2.3,10,2025-05-12
124,Vivaan,Marketing,Ahmedabad,25,3,429022,34439,2.7,23,2020-03-18
125,Ananya,Finance,Delhi,28,1,991548,184415,4.8,13,2015-05-20
126,Meera,Finance,Delhi,57,28,696145,50561,3.6,7,2016-06-28
127,Meera,IT,Pune,38,8,724289,122489,4.4,24,2024-10-22
128,Arjun,Marketing,Chennai,22,0,823089,194208,4.0,10,2020-01-06
129,Karan,Finance,Bengaluru,25,2,1577857,18036,1.4,16,2018-07-14
130,Arjun,HR,Mumbai,44,19,1763296,95035,4.1,18,2024-02-02
131,Reyansh,Support,Delhi,26,1,1179275,183523,2.7,19,2022-07-09
132,Ananya,IT,Hyderabad,43,16,482552,84251,3.7,18,2022-09-22
133,Priya,IT,Mumbai,46,16,364886,12015,1.8,6,2017-05-10
134,Neha,IT,Chennai,,25,618458,43865,2.5,22,2018-09-18
135,Rahul,Operations,Chennai,23,0,289303,130521,4.7,10,2024-07-19
136,Neha,IT,Chennai,39,17,1099414,15467,4.9,5,2024-08-27
137,Priya,HR,Ahmedabad,27,3,1163679,164369,2.6,2,2021-05-24
138,Arjun,HR,Delhi,31,9,1320561,175996,1.5,16,2018-06-12
139,Sneha,Sales,Kolkata,30,5,663708,55481,3.4,24,2025-02-06
140,Ananya,Support,Pune,57,27,927816,174421,2.3,14,2016-08-15
141,Neha,Support,Pune,58,37,988076,142995,1.3,14,2022-01-02
142,Vivaan,Sales,Hyderabad,25,3,1539766,165734,3.0,14,2024-09-26
143,Priya,Operations,Delhi,41,11,1247466,141430,1.6,1,2022-02-26
144,Sai,Finance,Ahmedabad,53,30,332086,74944,3.8,14,2023-09-20
145,Aditya,Finance,Delhi,39,12,1107251,98700,3.7,1,2025-11-11
146,Aditya,Marketing,Bengaluru,56,29,845899,76059,3.9,21,2024-03-11
1094,Ananya,Marketing,Chennai,43,18,1625846,193102,3.6,4,2024-12-03
148,Amit,Marketing,Ahmedabad,42,19,1655335,194242,4.3,23,2025-09-03
149,Arjun,HR,Delhi,22,0,897739,57254,4.8,10,2022-04-08
150,Rohan,HR,Chennai,39,17,1314702,151497,4.3,16,2015-11-11
151,Vivaan,Sales,Ahmedabad,30,7,629261,191625,4.1,25,2017-12-15
152,Shrey,Finance,Kolkata,36,8,1530511,84692,4.0,25,2022-04-18
153,Pooja,Sales,Bengaluru,33,7,1672512,159532,4.9,14,2019-07-17
154,Pooja,Support,Delhi,33,3,540242,75536,1.2,15,2020-09-04
155,Shrey,Support,Kolkata,39,17,586199,81510,2.8,16,2017-07-03
156,Neha,HR,Mumbai,43,22,1120101,23960,2.6,11,2018-07-03
157,Sneha,Operations,Bengaluru,41,19,1748843,180383,2.3,4,2017-01-10
158,Arjun,Marketing,Chennai,51,23,1540478,11376,4.6,0,2019-04-27
159,Rohan,Sales,Delhi,28,3,748367,88944,1.5,7,2021-11-26
964,Shrey,IT,Bengaluru,27,0,1531570,57497,1.8,18,2025-11-05
583,Shrey,HR,Pune,26,0,453975,129428,2.2,20,2022-08-08
162,Rahul,Finance,Pune,54,25,1313943,143070,3.2,12,2022-01-21
163,Ishita,Operations,Ahmedabad,22,0,391682,100387,2.0,21,2025-02-25
164,Sneha,Operations,Bengaluru,29,8,988824,153134,2.4,20,2017-11-15
165,Priya,Finance,Chennai,29,7,1751655,129977,1.1,6,2015-04-02
166,Vivaan,Support,Ahmedabad,55,27,781237,19599,4.0,6,2019-06-28
167,Sai,Sales,Kolkata,38,16,1021792,124544,4.6,23,2022-07-11
168,Sai,Marketing,Pune,44,15,809353,31656,3.9,2,2021-10-27
169,Amit,HR,Kolkata,41,19,417916,95962,3.6,9,2022-10-23
170,Vivaan,IT,Chennai,43,15,338825,,3.5,13,2019-11-26
171,Karan,IT,Bengaluru,44,15,1674827,51939,4.8,4,2024-11-26
172,Karan,Finance,Ahmedabad,25,1,1603004,106030,2.4,18,2015-10-05
173,Shrey,IT,Mumbai,49,27,1453601,46095,3.1,12,2020-11-09
174,Karan,HR,Pune,32,4,1335790,111446,4.7,3,2019-05-23
175,Aditya,Support,Ahmedabad,52,28,507189,45580,4.4,14,2017-12-15
176,Sai,Support,Ahmedabad,43,21,1403427,152126,2.2,9,2017-12-23
177,Meera,Marketing,Ahmedabad,53,29,504515,62685,4.2,7,2022-01-12
178,Sneha,Marketing,Chennai,50,21,522149,170418,4.5,2,2019-07-23
179,Pooja,Finance,Bengaluru,47,17,404666,42853,4.9,20,2016-08-15
180,Ananya,HR,Bengaluru,56,26,631604,43825,2.7,1,2016-09-05
181,Meera,,Bengaluru,41,17,975662,146025,4.6,2,2019-04-21
182,Sai,Operations,Ahmedabad,40,10,1368784,34491,3.0,5,2024-10-05
183,Reyansh,Support,Chennai,57,36,309503,31292,1.2,20,2024-05-21
184,Rahul,Finance,Kolkata,60,39,1294461,174407,3.2,20,2019-08-08
185,Arjun,Finance,Ahmedabad,25,4,581518,125239,2.7,14,2018-06-20
186,Vihaan,Finance,Kolkata,43,16,524236,107134,3.1,,2020-04-15
187,Sai,Support,Ahmedabad,36,13,453028,23265,2.2,12,2024-07-08
1074,Vihaan,HR,Kolkata,46,22,393947,82833,2.7,21,2019-10-21
189,Sneha,Marketing,Kolkata,46,17,1208882,73105,1.9,11,2015-01-10
190,Vivaan,Sales,Mumbai,39,10,267149,38179,2.7,8,2020-07-12
211,Meera,Finance,Delhi,57,28,658221,105033,3.2,2,2021-09-15
192,Arjun,HR,Chennai,29,7,1076075,107831,4.2,10,2023-06-25
193,Arjun,Marketing,Bengaluru,53,32,345008,20201,1.5,10,2022-09-15
194,Pooja,Support,Kolkata,41,11,918005,52598,2.6,19,2019-10-11
195,Ananya,Support,Mumbai,57,32,1245921,14361,2.5,21,2016-07-19
196,Vivaan,Marketing,Kolkata,59,31,806857,181859,4.1,24,2024-10-08
197,Vivaan,Marketing,Delhi,31,2,1569161,199053,3.5,12,2017-11-08
198,Rohan,Sales,Mumbai,33,12,1174924,92232,2.7,13,2018-07-17
199,Priya,HR,Kolkata,29,0,684827,157033,2.3,21,2022-09-13
200,Riya,Marketing,Kolkata,55,29,1395617,102874,3.7,23,2025-11-26
201,Sneha,Finance,Kolkata,33,9,835118,156299,2.2,9,2019-12-07
202,Rahul,Support,Ahmedabad,43,14,1763439,81685,2.2,18,2025-09-13
203,Riya,Operations,Kolkata,30,5,338219,85400,4.8,2,2020-08-21
204,Rohan,Operations,Hyderabad,34,10,1379479,81075,4.7,22,2019-03-04
706,Priya,Operations,Kolkata,36,15,1654743,149209,1.9,7,2015-02-14
206,Sneha,Operations,Hyderabad,27,4,260866,154271,4.9,5,2021-11-16
207,Shrey,Marketing,Mumbai,39,13,848559,179318,1.2,24,2016-11-19
208,Ananya,IT,Mumbai,32,5,618655,19526,5.0,12,2022-03-24
209,Meera,Marketing,Kolkata,40,10,1514127,38128,4.7,10,2019-08-21
290,Aditya,HR,Hyderabad,40,16,1150162,181831,1.4,3,2015-04-16
211,Rohan,Support,Chennai,32,11,1794799,98371,4.2,18,2025-04-06
212,Priya,HR,Mumbai,48,19,937712,32737,2.6,3,2017-03-16
213,Ishita,IT,Pune,37,10,743923,127109,4.0,10,2019-10-24
214,Pooja,Operations,Pune,44,20,380284,185056,1.5,9,2017-07-22
215,Rohan,Finance,Chennai,28,3,1020795,171120,1.9,4,2022-03-15
216,Rohan,Support,Delhi,56,28,1377256,184088,4.3,24,2018-11-25
217,Meera,Marketing,Hyderabad,54,26,1357659,194488,2.4,18,2016-01-27
218,Reyansh,Operations,Kolkata,57,28,564263,53132,2.3,16,2022-02-22
219,Vivaan,Marketing,Kolkata,26,0,1184244,24584,2.8,16,2021-08-19
220,Vivaan,Sales,Ahmedabad,40,19,1080364,76704,4.3,23,2018-10-03
221,Sai,Support,Bengaluru,25,0,376365,28092,4.9,15,2015-05-14
222,Meera,HR,Ahmedabad,47,21,1052117,127581,4.5,12,2021-02-22
223,Aarav,Finance,Kolkata,28,5,1376712,113037,3.1,23,2018-01-25
224,Riya,HR,Delhi,55,28,1365545,109425,4.3,7,2022-06-05
225,Karan,Marketing,Mumbai,23,0,1539587,14101,2.0,2,2016-10-02
226,Ananya,HR,Ahmedabad,36,15,1093611,125071,1.9,6,2015-03-17
227,Amit,Finance,Pune,57,27,1660401,94060,1.9,4,2025-09-08
228,Neha,Operations,Chennai,24,0,1490815,55910,3.5,13,2023-08-02
229,Meera,Sales,Hyderabad,54,28,1710264,119137,2.6,9,2021-03-25
230,Meera,Marketing,Bengaluru,35,10,1733896,47840,4.2,1,2023-07-14
231,Meera,Operations,Hyderabad,45,21,784764,63303,2.3,2,2022-06-03
232,Ishita,Operations,Hyderabad,24,0,1040978,186599,3.4,1,2016-04-26
233,Vihaan,Operations,Kolkata,51,27,948276,89478,4.8,0,2018-04-24
234,Ananya,Sales,Kolkata,36,6,1725909,63611,2.6,7,2023-06-25
235,Sneha,Support,Ahmedabad,55,29,896808,78566,2.4,15,2022-02-26
236,Meera,Marketing,Chennai,34,8,906245,118509,1.2,7,2017-01-09
237,Priya,Finance,Kolkata,39,16,661443,96472,1.9,18,2018-08-18
238,Meera,Operations,Mumbai,52,24,602811,102320,1.7,23,2023-08-06
239,Shrey,IT,Bengaluru,54,33,405882,185168,1.2,0,2021-03-27
240,Sneha,Operations,Kolkata,21,0,1310598,129540,2.5,19,2025-11-20
194,Pooja,Support,Kolkata,41,11,918005,52598,2.6,19,2019-10-11
242,Rohan,Marketing,Pune,53,26,-inf,38053,4.7,16,2017-04-07
243,Shrey,Finance,Delhi,43,18,1082352,30714,2.5,12,2022-10-08
244,Sai,IT,Kolkata,23,1,1099930,109421,2.5,15,2015-11-01
245,Ishita,Sales,Pune,48,22,1436687,34998,4.6,1,2018-04-28
246,Priya,IT,Hyderabad,23,1,1685351,83498,4.6,18,2025-01-06
159,Rohan,Sales,Delhi,28,3,748367,88944,1.5,7,2021-11-26
248,Neha,IT,Delhi,55,29,1054983,46687,4.2,22,2016-09-24
249,Priya,IT,Pune,48,24,409421,99284,3.4,19,2024-07-25
250,Ishita,Operations,Chennai,49,21,728440,103273,3.2,12,2021-03-22
251,Arjun,Operations,Chennai,26,0,869455,74605,3.9,2,2019-03-13
252,Riya,IT,Bengaluru,41,15,473453,33991,1.0,9,2022-06-25
253,Aditya,Finance,Delhi,26,3,1153829,127661,3.2,16,2021-02-01
254,Meera,HR,Bengaluru,59,29,930379,110987,1.0,13,2021-02-24
255,Amit,Finance,Chennai,45,22,541168,80495,2.2,15,2017-02-06
256,Rohan,HR,Kolkata,40,12,411315,104666,2.0,7,2025-08-20
257,Priya,Sales,Ahmedabad,27,4,888914,11774,4.8,10,2024-07-26
258,Sai,Sales,Ahmedabad,48,18,535473,88757,2.3,22,2018-08-11
259,Ishita,HR,Bengaluru,39,11,1457706,73550,2.3,8,2021-06-04
595,Neha,Support,Chennai,55,31,1639337,55458,2.9,6,2023-07-27
261,Rahul,IT,Kolkata,52,29,1578201,89385,2.0,21,2017-12-14
262,Neha,Operations,Delhi,59,31,1471054,115068,3.1,22,2021-09-02
263,Rahul,Support,Ahmedabad,27,3,1629090,184245,2.4,20,2024-01-19
264,Ishita,HR,Kolkata,48,26,272120,35849,2.0,16,2023-09-19
265,Sneha,IT,Pune,44,17,1221113,188141,3.4,16,2017-06-01
266,Sneha,Finance,Kolkata,47,25,493415,47139,2.4,10,2022-04-17
267,Vihaan,IT,Ahmedabad,27,0,1764131,192652,2.8,2,2019-01-26
268,Karan,HR,Chennai,27,4,761522,145264,1.7,5,2020-09-14
269,Ishita,Sales,Chennai,32,9,1593181,182309,2.7,0,2024-04-15
270,Meera,HR,Ahmedabad,21,0,681561,82966,4.0,25,2016-10-04
271,Rohan,Sales,Chennai,41,17,1209552,39872,2.0,15,2023-11-11
272,Ananya,Marketing,Delhi,58,,979650,102270,4.4,19,2017-11-23
273,Pooja,Sales,Chennai,29,3,497173,72540,2.2,5,2020-12-05
274,Sai,Marketing,Bengaluru,59,36,1455455,110587,2.7,15,2025-09-23
275,Neha,IT,Kolkata,52,27,544223,59046,2.3,14,2024-01-28
276,Amit,Operations,Kolkata,29,5,1055189,157215,3.0,15,2021-11-16
277,Riya,HR,Pune,52,29,423372,158215,1.1,24,2018-05-02
278,Meera,Support,Ahmedabad,31,3,1436254,139843,3.2,3,2024-02-09
279,Shrey,Finance,Mumbai,55,34,1757810,125701,3.2,13,2016-12-27
280,Ishita,Operations,Ahmedabad,49,24,981018,32802,2.8,3,2018-04-26
12,Aarav,Operations,Delhi,59,37,1056915,110039,3.4,14,2023-05-18
282,Pooja,Operations,Delhi,59,30,603112,94843,4.9,9,2019-10-09
283,Priya,Support,Hyderabad,29,2,374331,82698,4.5,4,2017-04-05
284,Aditya,Operations,Delhi,46,18,548155,161368,3.5,20,2021-07-15
285,Ishita,IT,Delhi,46,17,833481,192112,4.7,11,2022-08-11
286,Priya,Support,Pune,50,24,382814,150096,2.6,13,2018-08-09
287,Vivaan,IT,Delhi,42,13,1462014,44234,inf,15,2020-11-25
288,Arjun,Operations,Pune,50,29,510544,51414,2.8,0,2021-04-23
289,Sai,IT,Chennai,31,6,445748,181596,2.4,2,2020-11-21
290,Aditya,HR,Hyderabad,40,16,1150162,181831,1.4,3,2015-04-16
291,Sneha,IT,Hyderabad,54,26,269476,12113,3.8,3,2021-12-05
292,Arjun,Operations,Bengaluru,45,23,1782521,36850,1.4,11,2019-03-13
753,Rohan,Sales,Delhi,44,15,669160,138351,2.8,12,2022-05-19
21,Vivaan,Operations,Delhi,33,11,453278,182748,2.7,13,2021-08-28
295,Rohan,Marketing,Pune,43,16,909561,46655,2.0,20,2016-04-18
296,Vivaan,Support,Hyderabad,22,0,680850,145724,3.4,6,2021-05-21
297,Neha,Finance,Bengaluru,52,25,486440,73198,3.0,19,2016-09-01
298,Ishita,IT,Mumbai,45,15,1132614,105790,3.2,5,2022-02-01
299,Pooja,Support,Chennai,37,13,333522,25851,4.8,12,2023-05-21
300,Ananya,IT,Hyderabad,48,21,422863,177913,3.1,19,2017-05-03
971,Karan,IT,Delhi,29,0,502401,20758,3.3,20,2018-04-23
302,Vivaan,Finance,Bengaluru,36,15,762711,32600,4.7,3,2022-10-20
303,Pooja,Support,Pune,28,7,1734575,45969,3.8,5,2022-06-17
304,Amit,Finance,Delhi,31,5,516192,80454,3.9,3,2015-06-26
305,Ishita,HR,Ahmedabad,37,7,1566031,30203,3.0,16,2020-01-16
306,Aarav,IT,Mumbai,31,6,465807,160447,3.7,3,2018-12-17
307,Amit,HR,Ahmedabad,36,15,1239362,105414,2.5,4,2017-01-18
308,Pooja,Operations,Mumbai,36,9,1760553,93869,2.1,2,2024-06-04
309,Ananya,Finance,Delhi,32,8,1331656,22039,4.8,2,2022-05-25
310,Shrey,Sales,Ahmedabad,56,28,266712,106709,1.8,18,2019-12-20
311,Aarav,HR,Ahmedabad,58,30,659830,153277,4.0,7,2017-01-14
312,Pooja,HR,Chennai,21,0,253066,182308,2.5,23,2019-02-07
313,Neha,Sales,Delhi,52,31,548578,196555,2.1,1,2018-09-14
314,Vivaan,Sales,,58,36,1309958,44999,3.5,12,2016-10-19
315,Riya,HR,Delhi,36,11,797337,92577,4.7,12,2020-06-15
316,Amit,IT,Ahmedabad,33,10,1476221,38566,1.6,5,2022-08-11
317,Ananya,Support,Mumbai,34,6,896568,131463,2.1,3,2016-03-26
318,Ananya,Finance,Bengaluru,34,8,561057,33910,3.8,11,2021-09-02
319,Arjun,IT,Mumbai,22,0,1198334,155739,4.0,,2016-08-04
320,Aditya,Marketing,Pune,24,0,524129,61939,4.3,11,2025-11-21
321,Priya,IT,Mumbai,25,4,385207,61839,4.6,14,2017-02-28
322,Rahul,Operations,Chennai,50,29,602298,160440,2.7,23,2021-08-01
323,Rohan,Marketing,Hyderabad,32,6,700292,59060,2.1,14,2017-01-20
324,Amit,HR,Hyderabad,39,11,1114010,154359,2.9,2,2019-07-05
325,Pooja,Finance,Chennai,55,34,1052156,197005,2.4,17,2022-06-19
326,Sneha,Marketing,Ahmedabad,38,15,304658,93591,3.4,0,2019-01-26
978,Vivaan,Support,Hyderabad,58,34,584757,36249,2.0,7,2019-09-27
328,Neha,Marketing,Mumbai,57,30,994079,55537,1.7,18,2020-12-23
329,Sai,Sales,Mumbai,43,13,1431968,47251,3.3,6,2022-09-10
330,Rohan,HR,Bengaluru,26,5,737846,167722,1.9,16,2022-01-11
331,Pooja,Support,Ahmedabad,42,19,928614,25612,1.1,18,2017-02-28
332,Arjun,HR,Chennai,25,0,1727523,183575,2.6,3,2020-05-11
333,Ishita,Support,Bengaluru,52,26,615329,195383,4.9,22,2024-06-08
334,Rahul,Support,Mumbai,45,20,1789299,190485,2.2,5,2015-12-19
335,Priya,Operations,Delhi,32,2,917349,170269,1.9,18,2016-08-05
336,Priya,Sales,Mumbai,36,10,920079,54010,3.5,,2025-11-24
337,Vivaan,Sales,Kolkata,37,13,773325,191711,1.3,8,2016-12-01
651,Rahul,Finance,Kolkata,60,34,1793002,24368,3.1,21,2020-01-04
339,Priya,HR,Chennai,31,3,404579,18758,2.2,10,2019-02-03
340,Amit,Operations,Bengaluru,31,9,1397239,34406,2.4,19,2022-12-01
1197,Priya,Operations,Hyderabad,21,0,1697868,64846,4.0,25,2022-09-16
342,Vivaan,Finance,Mumbai,39,14,748174,35143,1.2,18,2023-08-05
343,Reyansh,HR,Pune,48,26,867714,183544,3.5,15,2018-02-01
344,Aditya,Operations,Chennai,26,0,492239,90832,4.1,15,2022-11-09
432,Amit,Finance,Ahmedabad,41,14,603662,11266,2.3,25,2018-12-24
346,Meera,Sales,Hyderabad,57,36,566943,192575,3.7,2,2025-06-26
347,,Sales,Pune,56,35,1061820,146991,2.7,17,2025-08-19
348,Arjun,IT,Kolkata,26,0,1748007,19103,3.0,16,2024-11-20
349,Reyansh,Support,Bengaluru,32,9,694365,60521,1.5,13,2016-11-14
350,-inf,Marketing,Kolkata,59,34,920563,27566,1.3,17,2021-09-11
351,Ishita,Marketing,Delhi,21,0,1482236,146986,4.1,3,2021-03-05
352,Sneha,Marketing,Kolkata,27,0,461792,84997,4.5,11,2021-05-13
353,Vivaan,Sales,Ahmedabad,23,0,827585,115637,1.6,19,2025-12-13
354,Riya,Support,Kolkata,36,15,1246604,80407,4.6,0,2020-05-10
355,inf,Marketing,Delhi,27,3,531826,88769,4.9,14,2020-05-24
356,Vivaan,Marketing,Bengaluru,33,5,693318,116737,4.0,24,2023-06-27
357,Sai,HR,Hyderabad,25,0,1738074,142853,2.6,24,2023-10-01
358,Karan,Marketing,Chennai,24,0,319355,129655,1.2,11,2018-05-12
359,Meera,Finance,Ahmedabad,28,7,757380,107639,3.0,14,2017-08-19
360,Ishita,Support,Hyderabad,31,6,1694624,33695,2.1,12,2015-03-28
361,Aarav,Sales,Bengaluru,35,11,1671229,64193,2.1,13,2023-01-28
362,Riya,Sales,Chennai,32,2,267749,68659,2.0,25,2019-12-23
363,Ishita,IT,Mumbai,43,15,778479,67202,2.9,21,2023-10-13
364,Sneha,IT,Ahmedabad,53,27,1427460,179696,3.4,9,2019-11-04
574,Sneha,Operations,Pune,26,0,1311147,16536,4.2,16,2017-04-11
762,Ananya,IT,Bengaluru,40,10,1543407,104562,3.8,22,2025-07-26
367,Shrey,Operations,Kolkata,46,19,1795039,19258,3.3,18,2018-06-24
368,Sneha,HR,Pune,43,14,879554,54560,4.4,17,2017-05-04
369,Ananya,Sales,Ahmedabad,56,33,1675460,97984,3.6,7,2020-04-24
370,Ishita,Marketing,Delhi,44,19,1478030,87083,2.9,3,2022-01-28
371,Vivaan,Support,Bengaluru,51,27,1299577,41409,4.5,12,2023-05-14
372,Sai,Support,Delhi,29,5,968630,117267,4.9,14,2017-06-28
373,Reyansh,Support,Bengaluru,52,26,1573371,56353,2.3,1,2015-08-09
374,Amit,,Chennai,57,34,1276717,33079,1.5,13,2025-07-13
375,Aarav,Operations,Mumbai,21,0,1369423,62275,3.9,0,2020-09-07
376,Ananya,HR,Delhi,36,12,1704426,100269,2.2,3,2021-09-19
377,Arjun,Finance,Kolkata,23,0,859910,129518,3.9,19,2023-06-14
378,Aarav,Marketing,Bengaluru,43,19,595785,115746,1.1,7,2017-04-24
379,Meera,Marketing,Mumbai,28,2,1741305,180535,4.2,12,2025-05-25
380,Amit,Sales,Chennai,59,38,1638251,38341,3.6,0,2015-12-04
381,Ananya,Sales,Delhi,28,0,780030,134360,3.8,6,2025-11-01
382,Rohan,IT,Pune,54,29,1556101,168763,3.8,13,2016-09-24
383,Neha,Operations,Chennai,28,6,1293834,62074,3.4,24,2019-09-07
384,Aarav,IT,Delhi,39,16,332639,153691,3.0,6,2022-06-08
385,Vihaan,Finance,Hyderabad,28,0,1653040,139526,1.6,2,2023-02-24
386,Priya,Sales,Delhi,50,25,803910,131707,1.2,5,2015-05-12
387,Rohan,Finance,Delhi,27,6,270284,46279,3.7,5,2020-06-15
388,Sneha,Support,Chennai,44,18,633504,39840,2.6,14,2019-07-23
389,Sneha,Support,Kolkata,31,9,527896,192496,3.9,5,2016-07-19
390,Vihaan,Sales,Kolkata,32,2,1046395,104004,3.4,21,2017-08-16
391,Ishita,Operations,Hyderabad,23,1,798641,181697,2.3,22,2025-09-25
392,Shrey,Sales,Ahmedabad,42,13,1347026,190418,3.8,3,2021-11-24
393,Sneha,Support,Kolkata,45,22,1420932,170671,1.2,20,2017-09-28
394,Meera,Operations,Chennai,31,9,1281060,94052,2.0,8,2015-09-08
395,Sneha,Sales,Ahmedabad,46,22,415319,130348,2.8,18,2022-02-28
396,Aarav,Support,Delhi,28,0,1620222,14658,1.4,13,2015-09-18
397,Karan,Finance,Ahmedabad,59,29,1587014,89848,4.6,17,2018-11-22
398,Neha,Operations,Kolkata,24,0,1203071,97024,3.2,19,
399,Pooja,Finance,Delhi,28,6,1631834,68129,1.0,11,2025-05-18
400,Rohan,HR,Hyderabad,23,0,1282684,46817,4.3,23,2021-02-09
401,Amit,IT,Delhi,28,1,702123,129811,4.3,6,2020-02-25
402,Vivaan,Marketing,Chennai,49,21,1630883,164485,inf,4,2022-01-17
403,Rohan,Marketing,Ahmedabad,58,30,1316051,56452,3.8,5,2017-02-13
404,Priya,Finance,Kolkata,53,26,1128003,169644,4.7,24,2018-05-13
405,Meera,Support,Ahmedabad,29,6,1115589,167948,3.8,23,2023-05-27
406,Arjun,Operations,Bengaluru,56,32,671294,64974,3.5,9,2025-06-22
407,Ishita,Marketing,Chennai,53,24,1706077,176953,2.3,-inf,2020-09-16
408,Vivaan,HR,Pune,55,30,1135808,13347,3.1,0,2021-03-02
409,Meera,IT,Ahmedabad,31,6,1683173,75683,1.6,1,2019-04-25
410,Shrey,Marketing,Pune,49,27,1542073,187085,4.0,7,2025-09-13
411,Aarav,Operations,inf,24,0,1062761,119200,4.8,21,2020-09-02
412,Ishita,Marketing,Hyderabad,33,3,1179172,69126,4.6,22,2025-06-25
413,Pooja,IT,Chennai,33,8,1191233,56511,4.9,2,2017-03-24
414,Priya,Sales,Bengaluru,23,0,835340,155908,2.1,5,2024-05-01
415,Sneha,Support,Ahmedabad,23,0,926604,166468,1.2,20,2024-11-10
416,Amit,Marketing,Chennai,25,0,1351833,67661,4.8,16,2016-09-06
417,Rohan,Marketing,Kolkata,26,0,713885,65929,3.7,10,2020-05-07
418,Shrey,IT,Ahmedabad,56,35,490589,185358,2.4,7,2025-10-20
419,Neha,Marketing,Kolkata,45,23,1059240,77263,3.2,9,2015-09-27
420,Meera,Marketing,Mumbai,52,31,871667,180794,1.8,16,2016-02-06
421,Meera,Support,Chennai,25,1,1655794,175023,4.1,21,2021-02-07
422,Sai,Support,Pune,25,2,299813,130383,3.9,1,2016-02-02
423,Rahul,Sales,Ahmedabad,56,34,1455783,69675,4.6,13,2021-08-21
424,Ishita,IT,Delhi,22,0,1662009,41013,3.1,20,2024-02-25
425,Karan,Sales,Chennai,43,14,inf,85978,4.1,9,2024-02-10
426,Arjun,Finance,Ahmedabad,22,0,577834,149845,1.9,23,2021-09-10
427,Meera,Marketing,Delhi,21,0,1414065,47060,1.5,0,2024-10-13
428,Sai,HR,Pune,40,16,1772400,100138,1.8,20,2023-03-06
948,Vivaan,IT,Pune,41,19,1581013,30833,1.3,7,2016-03-19
430,Shrey,IT,Pune,25,0,455945,61751,3.9,15,2020-06-05
431,Ishita,HR,Ahmedabad,60,38,655795,93305,2.9,10,2024-11-10
432,Amit,Finance,Ahmedabad,41,14,603662,11266,2.3,25,2018-12-24
433,Vihaan,HR,Delhi,29,3,1256536,131332,2.8,24,2019-08-18
434,Aarav,Support,Mumbai,38,15,1379563,61493,2.1,20,2016-12-03
435,Meera,Sales,Bengaluru,58,28,1099628,164674,1.9,1,2023-05-18
808,Pooja,IT,Chennai,44,17,718307,164560,3.9,9,2017-08-17
437,Pooja,HR,Kolkata,44,15,272212,183717,2.0,25,2024-11-06
438,Shrey,Support,Kolkata,31,8,1437737,158324,3.6,4,2022-06-02
873,Rahul,HR,Delhi,38,15,607751,14735,3.4,5,2019-02-18
440,Riya,Support,Pune,50,29,333686,180006,2.3,22,2023-11-27
441,Aditya,Marketing,Pune,58,29,1445712,55573,2.5,12,2020-10-21
442,Aarav,Marketing,Bengaluru,45,21,1332910,116389,2.4,11,2022-08-20
443,Sai,Finance,Delhi,49,26,732325,30208,3.1,8,2018-03-06
337,Vivaan,Sales,Kolkata,37,13,773325,191711,1.3,8,2016-12-01
445,Vivaan,Marketing,Bengaluru,22,0,340480,43524,3.3,5,2017-11-17
446,Aarav,Operations,Pune,24,1,791609,57195,3.1,12,2024-10-21
447,Amit,Marketing,Bengaluru,26,2,1192047,168997,5.0,15,2017-04-27
448,Rohan,Marketing,Delhi,58,35,1556969,182922,3.0,5,2025-06-15
449,Amit,Support,Bengaluru,35,8,1058372,44658,1.4,6,2023-09-22
450,Vihaan,IT,Kolkata,59,37,622081,134746,4.6,19,2015-09-17
451,Pooja,Sales,Ahmedabad,29,0,1380964,10314,4.6,24,2025-11-14
452,Ishita,IT,Chennai,23,0,1149586,70158,4.8,15,2021-06-19
453,Amit,Finance,Hyderabad,29,4,1250637,70951,4.6,2,2019-10-18
454,Priya,Sales,Ahmedabad,21,0,1462126,146980,1.5,0,2021-11-07
56,Neha,Marketing,Pune,27,4,1143536,180806,3.3,8,2023-07-19
456,Meera,Sales,Pune,46,22,1116602,154730,4.1,15,2017-06-18
457,Shrey,Sales,Bengaluru,40,10,972167,194941,2.6,4,2025-02-24
458,Vivaan,HR,Chennai,27,3,1316073,115004,4.1,25,2023-10-23
459,Shrey,Finance,Delhi,21,0,554775,133645,4.7,13,2016-02-09
460,Ananya,Operations,Mumbai,59,38,1769375,110748,4.7,12,2024-11-17
461,Vivaan,Support,Hyderabad,32,4,1170591,12807,1.8,21,2023-05-07
462,Riya,Support,Chennai,60,37,1663531,19453,2.4,20,2015-03-03
463,Ananya,Operations,Ahmedabad,43,16,1100292,163637,1.8,0,2016-02-18
464,Riya,HR,Chennai,43,18,724576,168954,4.9,14,2021-10-01
465,Meera,Support,Pune,53,31,1421533,28975,3.0,10,2016-09-09
466,Karan,Marketing,Mumbai,49,22,1431050,136780,4.1,24,2020-08-22
467,Shrey,Support,Ahmedabad,51,29,790687,27708,2.5,25,2018-11-23
468,Rahul,Operations,Ahmedabad,47,21,1333187,150417,1.0,8,2018-05-03
469,Reyansh,Sales,Hyderabad,25,0,624311,134926,2.3,6,2024-05-06
470,Vihaan,IT,Delhi,36,12,806595,64205,1.9,7,2024-06-05
471,Sneha,Marketing,Pune,52,22,263890,151944,4.8,15,2020-10-11
159,Pooja,Support,Chennai,52,29,1321924,83470,2.6,24,2024-03-02
473,Pooja,Sales,Ahmedabad,51,22,318288,141720,2.4,21,2017-08-04
474,Riya,HR,Pune,21,0,1663696,65247,2.5,3,2020-06-20
278,Meera,Support,Ahmedabad,31,3,1436254,139843,3.2,3,2024-02-09
476,Vihaan,Operations,Pune,44,17,836425,128155,1.7,4,2024-11-08
477,Aarav,HR,Chennai,36,7,1156428,109846,1.8,25,2017-08-26
478,Meera,Support,Mumbai,52,29,1572573,145530,3.1,10,2022-05-09
479,Karan,Operations,Ahmedabad,46,24,1698174,52819,1.2,8,2022-11-04
480,Amit,IT,Ahmedabad,37,11,1005617,156892,3.2,25,2019-06-01
481,Priya,Operations,Kolkata,59,35,1459750,160967,3.6,17,2017-05-12
574,Priya,Sales,Chennai,49,27,1049163,170868,2.1,20,2017-03-21
483,Riya,Marketing,Chennai,25,3,589737,100079,1.9,10,2025-05-23
484,Aarav,HR,Hyderabad,-inf,10,1011611,163857,3.1,14,2021-03-06
485,Vivaan,IT,Chennai,37,15,691600,53754,2.6,3,2016-08-18
486,Shrey,HR,Pune,54,32,467953,78800,3.5,2,2025-07-10
487,Priya,Support,Kolkata,49,26,525308,148082,4.4,0,2015-11-12
488,Rohan,Sales,Chennai,50,21,821294,153797,2.8,22,2023-03-19
489,Neha,Sales,Pune,54,25,899406,101008,2.9,7,2016-08-10
490,Sneha,Marketing,Mumbai,30,5,272137,10024,3.1,24,2017-06-10
491,Aarav,Marketing,Ahmedabad,52,24,878328,12394,4.1,25,2019-10-08
492,Rahul,HR,Pune,33,6,1425567,124584,2.6,5,2025-07-27
493,Riya,Finance,Pune,26,0,1561397,72799,3.1,25,2024-12-22
126,Meera,Finance,Delhi,57,28,696145,50561,3.6,7,2016-06-28
495,Ananya,Finance,Bengaluru,33,7,290675,49885,1.2,17,2015-03-04
496,Ananya,Support,Kolkata,49,28,738239,33644,1.6,15,2018-06-14
497,Rahul,IT,Kolkata,44,16,1711578,18319,2.3,24,2017-01-09
950,Karan,HR,Mumbai,32,8,774454,110028,4.3,3,2018-07-25
499,Ananya,Finance,Bengaluru,33,5,1792083,34631,3.1,6,2022-07-22
500,Vivaan,Support,Hyderabad,23,0,1342461,42018,2.0,20,2019-04-12
501,Rahul,Support,Hyderabad,28,4,1577306,123812,2.3,5,2019-10-04
185,Aditya,HR,Bengaluru,21,0,1468606,191076,2.9,19,2017-06-25
503,Neha,Operations,Bengaluru,52,30,1688530,172174,2.4,24,2025-01-02
504,Karan,Operations,Hyderabad,55,33,513879,137885,1.9,17,2025-06-26
505,Meera,Finance,Kolkata,22,0,1001131,199896,1.5,1,2022-12-15
506,Rohan,Support,Bengaluru,33,,641384,152506,2.4,23,2022-05-28
507,Aarav,Support,Chennai,25,0,575111,127803,2.2,8,2023-06-15
508,Meera,Support,Chennai,32,11,1549677,105440,4.1,7,2020-12-03
509,Amit,Operations,Ahmedabad,33,4,1682824,140429,4.1,4,2024-05-11
510,Vihaan,Sales,Hyderabad,28,6,1347231,182724,1.3,4,2017-01-07
511,Ishita,Finance,Mumbai,27,6,1447499,178231,4.3,21,2022-09-20
512,Aditya,Sales,Mumbai,44,20,1520776,198178,1.3,6,2025-08-27
513,Vivaan,Operations,Delhi,44,15,1122317,106749,4.2,1,2024-05-17
415,Sneha,Support,Ahmedabad,23,0,926604,166468,1.2,20,2024-11-10
515,Karan,Operations,Chennai,57,34,1421098,156313,2.7,3,2025-10-12
516,Rohan,Sales,Ahmedabad,27,4,628318,154170,2.6,10,2025-03-18
517,Rohan,HR,Hyderabad,41,12,930849,107444,2.6,20,2021-12-11
518,Vivaan,Finance,Mumbai,45,16,782863,104374,4.8,14,2021-01-24
519,Riya,Marketing,Bengaluru,54,,883007,11721,2.2,7,2018-06-01
520,Shrey,Finance,Pune,27,6,1215465,103233,1.6,8,2020-10-08
521,Sneha,HR,Kolkata,26,0,1088437,159176,4.7,23,2016-12-11
522,Vivaan,Support,Ahmedabad,57,35,1498290,178363,2.2,23,2024-07-03
523,Rahul,IT,Pune,43,16,1123509,41598,4.5,7,2025-10-01
524,Arjun,IT,Chennai,54,33,919655,151539,3.3,10,2023-12-08
525,Arjun,Finance,Delhi,49,19,1456396,142311,1.4,13,2019-07-05
526,Arjun,Support,Bengaluru,51,21,353412,153694,2.6,2,2021-09-14
527,Pooja,HR,Hyderabad,51,22,665463,137889,2.6,18,2018-09-20
528,Amit,Sales,Ahmedabad,25,0,1151913,94780,3.7,18,2016-02-22
529,Rohan,Support,Kolkata,-inf,19,922637,100315,3.4,0,2019-03-12
530,Arjun,Support,Delhi,60,37,1173718,21764,4.7,7,2018-11-12
531,Vihaan,Finance,Kolkata,28,7,759709,172792,4.7,9,2015-06-23
532,Riya,Marketing,Kolkata,51,30,945995,64790,4.0,6,2018-09-17
533,Vivaan,Finance,Bengaluru,60,37,1707669,193174,3.7,12,2024-11-17
534,Aditya,Sales,Pune,24,0,670890,192590,3.5,1,2022-11-01
535,,Operations,Delhi,44,22,290010,86675,4.5,20,2021-04-13
536,Aarav,IT,Hyderabad,41,13,1502222,149345,1.4,6,2023-08-18
537,Neha,Finance,Pune,54,29,949546,138432,2.6,5,2015-06-22
538,Shrey,HR,Ahmedabad,36,7,828558,26255,3.5,12,2015-09-09
1155,Priya,Finance,Hyderabad,55,33,1356785,23482,3.4,21,2023-09-15
540,Reyansh,Operations,Bengaluru,57,34,1144361,91889,4.6,10,2022-09-05
541,Arjun,Operations,Bengaluru,58,29,1684553,63034,4.5,9,2023-03-14
542,Arjun,-inf,Mumbai,41,19,1418827,149712,4.8,3,2017-06-27
543,Reyansh,IT,Bengaluru,41,14,1112457,89520,2.8,20,2019-03-25
544,Shrey,HR,Mumbai,32,11,1533418,171728,2.1,18,2024-04-20
545,Neha,HR,Chennai,43,21,1693136,134938,1.5,19,2022-12-21
546,Amit,HR,Hyderabad,52,24,538385,52935,1.8,1,2021-01-09
547,Amit,,Mumbai,34,12,621359,125155,4.5,15,2020-08-08
548,Pooja,Operations,Mumbai,59,32,1760370,92024,2.6,23,2024-10-18
549,Rahul,Operations,Mumbai,54,32,1197093,129773,4.3,1,2018-09-18
550,Ananya,Support,Pune,56,29,1332396,175320,4.9,6,2019-08-13
551,Karan,IT,Delhi,50,27,1135967,87180,3.5,1,2023-03-15
552,Sai,Sales,Hyderabad,32,2,1709857,153237,1.5,13,2020-08-01
553,Vihaan,IT,Delhi,50,28,774460,94954,3.8,22,2017-12-24
554,Rahul,Marketing,Chennai,49,23,428900,147315,3.8,23,2023-10-06
555,Vivaan,Sales,Pune,23,0,952950,158240,4.5,4,2017-03-06
556,Riya,IT,Kolkata,40,12,855616,174220,1.7,4,2018-01-20
557,Sneha,Sales,Chennai,52,24,1389804,11507,3.4,15,2018-04-19
558,Meera,Support,Hyderabad,49,27,1510842,167313,1.0,17,2019-10-21
559,Ishita,Support,Pune,,1,560915,24434,3.6,1,2017-01-22
560,inf,Operations,Bengaluru,42,20,352826,38544,2.7,5,2017-11-10
561,Aditya,Support,Chennai,50,20,1005370,19395,1.4,inf,2020-06-13
562,Amit,Marketing,Hyderabad,56,34,864114,133421,1.5,22,2019-06-17
563,Rohan,Support,Pune,34,4,372021,38652,3.3,20,2023-02-16
564,Ishita,Sales,Kolkata,48,18,913724,78068,3.1,19,2020-03-20
565,Karan,Operations,Delhi,52,29,1528016,71006,3.8,6,2015-02-01
566,Aarav,Operations,Hyderabad,34,4,1119546,118538,1.2,11,2023-11-07
567,Priya,Finance,Chennai,39,14,392262,90680,2.2,17,2020-01-04
515,Karan,Operations,Chennai,57,34,1421098,156313,2.7,3,2025-10-12
627,Shrey,Operations,Bengaluru,25,4,1792370,47117,3.0,0,2022-10-02
570,Priya,Support,Ahmedabad,54,29,1434770,187785,2.3,17,2015-04-19
571,Sai,Marketing,Chennai,25,2,838167,18171,2.4,12,2025-09-27
572,Aditya,Sales,inf,32,2,495040,90814,3.8,10,2015-05-14
573,Vivaan,Support,Hyderabad,44,16,884658,66659,3.1,5,2016-06-26
574,Sneha,Operations,Pune,26,0,1311147,16536,4.2,16,2017-04-11
575,Karan,Sales,Delhi,41,18,456048,145304,3.7,4,2018-12-02
576,Vihaan,Marketing,Pune,21,0,342337,190106,4.4,2,2020-08-02
577,Riya,Marketing,Ahmedabad,22,0,904611,177470,4.6,10,2018-04-10
578,Pooja,IT,Hyderabad,49,27,821797,49143,1.6,3,2015-10-18
579,Sai,IT,Pune,55,29,1402103,93488,2.1,22,2019-10-08
1102,Vihaan,Sales,Mumbai,60,34,1383672,126299,1.2,0,2022-11-02
581,Karan,Marketing,Ahmedabad,26,0,1071909,56919,3.8,18,2025-12-23
582,Karan,Marketing,Bengaluru,40,14,665544,196882,4.0,25,2023-02-25
583,Shrey,HR,Pune,26,0,453975,129428,2.2,20,2022-08-08
309,Aarav,IT,Kolkata,44,17,634519,193399,4.7,10,2020-08-16
585,Arjun,Marketing,Delhi,28,2,1253806,130911,4.4,9,2020-10-19
586,Rahul,Marketing,Chennai,46,24,933398,155791,3.6,25,2019-09-15
587,Reyansh,Support,Chennai,36,6,761057,153641,1.6,15,2021-02-11
588,Ishita,Support,Kolkata,48,18,967647,152744,3.8,5,2025-11-03
589,Rahul,IT,Delhi,28,0,1500060,131348,2.3,3,2022-03-10
590,Arjun,Marketing,Mumbai,59,32,936624,139576,3.6,1,2016-04-27
591,Reyansh,Operations,Ahmedabad,30,7,1199956,149265,2.2,19,2024-08-07
592,Aarav,Marketing,Chennai,40,10,1675138,89835,4.7,13,2020-02-19
593,Neha,IT,Pune,29,4,380884,106789,4.6,1,2015-12-18
594,Rahul,Sales,Chennai,22,0,1155373,194083,3.4,20,2020-12-13
595,Neha,Support,Chennai,55,31,1639337,55458,2.9,6,2023-07-27
596,Sneha,Operations,Chennai,30,5,1655230,42911,1.5,2,2025-01-05
597,Sai,Sales,Chennai,29,7,537771,178360,4.2,14,2024-07-20
598,Sneha,Support,Hyderabad,56,28,1056805,103141,1.9,13,2024-01-19
599,Neha,IT,Kolkata,53,28,1111589,153174,3.3,1,2015-10-16
600,Aditya,Marketing,Delhi,26,3,1781309,147994,4.9,24,2019-08-17
601,Ishita,Finance,Mumbai,36,8,1572595,183994,4.8,2,2025-11-18
602,Amit,Finance,Pune,42,13,272614,132911,2.8,15,2024-12-11
603,Ishita,Finance,Mumbai,39,16,324084,192203,4.7,23,2019-12-26
604,Sneha,IT,Bengaluru,51,21,604584,160171,1.2,9,2024-01-10
605,Vihaan,Marketing,Bengaluru,53,-inf,832691,76073,1.5,8,2019-05-01
606,Sneha,HR,Mumbai,58,35,1632349,127087,2.5,5,2019-12-08
607,Rahul,HR,Kolkata,42,20,554234,166118,4.7,4,2022-07-25
608,Karan,Sales,Kolkata,31,7,1461645,100459,1.2,8,2016-01-06
609,Arjun,Marketing,Chennai,40,12,1366777,71252,2.5,22,2021-08-09
610,Meera,Operations,Ahmedabad,21,0,1191245,110140,3.7,16,2025-01-04
611,Ishita,Sales,Kolkata,48,18,1617481,81457,2.3,8,2016-05-21
612,Aarav,Operations,Mumbai,36,6,658788,146302,2.3,22,2017-06-18
613,Ananya,Finance,Hyderabad,25,4,1112451,35611,3.1,21,2022-06-08
614,Vihaan,Operations,Delhi,23,2,1548970,34101,1.2,19,2025-04-20
615,Sai,Finance,Pune,26,0,522435,108555,3.6,20,2024-03-04
616,Priya,Finance,Bengaluru,50,28,1589619,128867,4.7,8,
617,Karan,IT,Kolkata,25,0,380835,110348,2.6,1,2019-05-06
618,Amit,HR,Delhi,33,3,1073414,56777,3.6,3,2017-09-25
433,Sneha,HR,Mumbai,49,24,466608,19138,1.3,18,2019-08-01
940,Arjun,Finance,Chennai,44,14,1628495,179809,4.3,19,2017-07-27
621,Meera,Finance,Ahmedabad,46,24,1382732,69204,1.0,22,2022-02-19
622,Priya,IT,Kolkata,40,13,365751,175746,5.0,20,2016-06-18
623,Rahul,IT,Ahmedabad,39,15,620395,155352,1.2,12,2025-04-10
624,Ishita,HR,Kolkata,52,30,1577059,124814,3.9,4,2015-04-01
625,Priya,IT,Ahmedabad,45,23,1383619,178665,2.2,17,2022-01-02
626,Meera,HR,Hyderabad,23,0,497856,65490,4.2,21,2023-08-22
627,Shrey,Operations,Bengaluru,25,4,1792370,47117,3.0,0,2022-10-02
628,Sai,Support,Delhi,21,0,1576787,23096,4.6,25,2016-08-20
629,Priya,Support,Chennai,27,5,1292585,165969,4.2,7,2016-04-14
630,Sai,,Delhi,41,19,1684637,160986,3.2,10,2018-01-19
631,Shrey,Marketing,Mumbai,28,3,546195,118830,1.7,11,2023-03-15
632,Aarav,IT,Bengaluru,29,7,1575808,170547,2.5,5,2015-08-03
633,Reyansh,HR,Pune,26,0,845028,119110,3.8,25,2022-12-05
634,Sneha,Marketing,inf,54,26,1114092,72718,4.8,19,2015-10-06
635,Rohan,Finance,Hyderabad,40,14,1128257,11198,3.2,6,2016-09-04
636,Sneha,Sales,Bengaluru,50,26,,23911,1.8,25,2017-11-28
637,Rohan,Support,Kolkata,31,10,363304,179046,2.5,6,2021-05-11
638,Vihaan,IT,Hyderabad,23,1,360009,150865,1.7,25,2015-08-17
707,Sneha,Marketing,Mumbai,23,0,1629439,120748,3.3,13,2019-01-23
640,Ishita,Sales,Mumbai,27,3,1797169,118159,4.5,12,2018-02-16
641,Reyansh,Operations,Ahmedabad,48,25,703331,169759,2.8,12,2020-03-15
642,Vihaan,Support,Kolkata,38,14,954415,43347,1.1,18,2015-05-05
643,Rohan,HR,Hyderabad,50,23,609035,100066,1.9,9,2024-03-26
644,Karan,inf,Mumbai,26,0,1344228,138244,4.4,6,2024-08-27
645,Aarav,Sales,Mumbai,48,24,769740,95798,2.7,7,2024-03-19
646,Vihaan,Sales,Kolkata,23,0,1788211,142177,1.1,16,2021-08-26
647,Ananya,HR,Delhi,36,14,1421232,13256,3.8,13,2018-03-12
648,Aarav,Sales,Kolkata,22,0,1653069,89911,1.6,14,2024-12-19
649,Aditya,Sales,Ahmedabad,29,2,637859,107103,3.5,22,2025-01-28
395,Sneha,Sales,Ahmedabad,46,22,415319,130348,2.8,18,2022-02-28
651,Rahul,Finance,Kolkata,60,34,1793002,24368,3.1,21,
264,Reyansh,HR,Ahmedabad,60,39,1016658,106058,1.7,17,2016-09-23
653,Shrey,Finance,Ahmedabad,36,7,488147,180141,2.9,24,2024-12-07
654,Sneha,Marketing,Delhi,38,9,1676538,120868,2.1,2,2020-06-15
655,Aditya,HR,Kolkata,51,22,1672515,149684,4.6,14,2024-06-26
656,Vihaan,Operations,Bengaluru,26,4,1069320,56874,2.2,2,2016-03-09
657,Meera,HR,Kolkata,52,29,678356,146495,4.8,0,2019-07-22
658,Shrey,Support,Ahmedabad,43,16,1180841,179000,1.1,6,2016-01-28
659,Pooja,Support,Kolkata,47,17,968887,181903,3.6,10,2022-10-22
660,Sneha,Finance,Pune,50,25,1439612,44591,4.6,9,2017-05-08
661,Meera,Finance,Bengaluru,24,1,990548,84549,2.8,5,2024-03-23
662,Riya,Finance,Bengaluru,32,9,588175,72365,1.5,10,2024-03-15
308,Pooja,Operations,Mumbai,36,9,1760553,93869,2.1,2,2024-06-04
664,Meera,Marketing,Ahmedabad,28,7,1098428,140919,4.1,14,2020-03-01
665,Priya,Operations,Delhi,39,11,857811,160399,3.7,25,2024-12-15
666,Shrey,Sales,Ahmedabad,51,30,542391,187735,3.2,9,2015-07-20
667,Riya,HR,Mumbai,26,0,365413,169423,3.6,18,2023-04-26
668,Sneha,Finance,Mumbai,26,0,1184193,187488,3.7,2,2023-07-07
669,Ananya,Finance,Ahmedabad,44,17,560265,197685,4.4,11,2021-06-01
1102,Priya,Support,Mumbai,38,16,949365,165802,1.4,9,2024-08-23
671,Pooja,Finance,Delhi,47,24,1481405,166745,1.3,6,2019-08-28
672,Karan,Operations,Bengaluru,58,31,435489,11735,2.6,8,2021-03-18
673,Sneha,Marketing,Kolkata,33,10,1050628,85881,3.2,1,2019-10-10
674,Ananya,Sales,Bengaluru,35,14,255131,50376,2.1,20,2025-08-04
675,Neha,Marketing,Kolkata,52,28,309648,41288,4.1,15,2016-10-24
676,Ishita,IT,Pune,57,30,790879,174625,3.7,22,2016-06-17
761,Rohan,Operations,Kolkata,21,0,494692,13487,1.7,15,2022-12-13
678,Sai,Support,Delhi,47,21,352162,85984,2.2,20,2016-09-07
679,Neha,IT,Ahmedabad,59,36,1390247,94569,4.5,21,2019-05-22
680,Sai,IT,Hyderabad,30,9,537203,145835,2.1,24,2022-07-11
681,Pooja,Support,Delhi,30,1,713708,59392,4.2,17,2024-12-27
682,Neha,HR,Kolkata,47,19,,40556,4.3,0,2022-06-10
683,,Operations,Hyderabad,59,30,967320,55143,3.8,0,2016-04-05
684,Sneha,Support,Chennai,40,17,690068,44135,4.9,13,2016-02-01
685,Vihaan,Finance,Mumbai,23,0,476109,18596,4.2,16,2024-01-16
686,Ishita,HR,Bengaluru,25,0,1650030,12692,4.0,25,2016-10-07
687,Sai,Support,Hyderabad,43,22,440378,48156,4.4,8,2024-06-12
688,Reyansh,Finance,Bengaluru,53,23,393313,35979,4.3,24,2015-09-07
689,Ishita,HR,Kolkata,55,34,1771167,35869,4.7,16,2022-06-23
690,Priya,,Kolkata,27,4,994116,109513,2.7,16,2018-07-04
691,Vivaan,IT,Ahmedabad,28,0,535028,139975,4.0,22,2019-09-24
692,Karan,HR,Chennai,52,30,1056944,84347,2.8,23,2019-11-27
693,Sai,IT,Kolkata,39,12,645910,28247,4.6,25,2022-11-12
694,Rahul,Operations,Delhi,27,0,1168674,147012,3.6,2,2016-03-13
695,Amit,Operations,Kolkata,31,9,1012755,62189,2.4,19,2021-02-08
696,Sneha,Operations,Chennai,38,8,1494974,81558,4.0,25,2025-07-12
697,Sneha,HR,Bengaluru,52,23,834876,48633,4.1,3,2016-05-16
698,Rahul,Marketing,Ahmedabad,22,0,1797275,23854,4.3,15,2025-01-06
699,Sneha,Support,Kolkata,30,5,1554358,173376,1.4,2,2025-09-25
700,Meera,Marketing,Mumbai,33,8,1638510,140521,3.0,8,2023-06-26
701,Vivaan,HR,Pune,23,0,499842,110566,2.8,12,2022-08-02
702,Sneha,Operations,Kolkata,31,3,1153203,45255,2.2,12,2022-02-19
703,Rohan,Operations,Ahmedabad,51,22,577807,142824,1.2,8,2022-10-13
704,Ishita,IT,Ahmedabad,39,13,378815,17378,3.4,4,2020-06-26
705,Shrey,HR,Hyderabad,45,23,1147891,100477,5.0,13,2020-01-22
706,Aarav,Marketing,Ahmedabad,40,10,428135,190352,1.3,9,2016-06-06
707,Sneha,Marketing,Mumbai,23,0,1629439,120748,3.3,13,2019-01-23
708,Reyansh,Finance,Kolkata,41,14,1446118,112315,2.3,3,2022-02-23
709,Aditya,Support,Hyderabad,53,27,599442,,2.2,13,2018-08-21
710,Aditya,Operations,Delhi,39,14,349680,87940,5.0,12,2018-10-24
711,Neha,Support,Delhi,58,32,823287,27634,3.3,16,2022-07-07
712,Riya,Marketing,Kolkata,40,11,878954,123484,3.7,10,2018-07-13
713,Karan,Finance,Chennai,56,33,289013,174585,3.8,5,2024-08-07
337,Vivaan,Sales,Kolkata,37,13,773325,191711,1.3,8,2016-12-01
715,Sai,Finance,Hyderabad,47,21,385114,176180,1.8,-inf,2019-05-21
716,Meera,Sales,Chennai,46,22,488149,49311,1.8,7,2019-08-16
717,Sai,Operations,Mumbai,23,0,584198,81489,1.5,8,2019-11-18
718,Aditya,Sales,Bengaluru,52,31,366029,32001,2.3,9,2016-07-12
719,Pooja,Finance,Kolkata,36,14,1447417,141137,4.7,16,2025-10-25
720,Rahul,Support,Hyderabad,26,2,1507916,42054,4.1,10,2020-10-24
721,Ishita,IT,Kolkata,48,24,552572,38000,1.7,8,2022-07-09
722,Riya,Support,Bengaluru,55,29,1717204,39612,2.3,13,2022-11-08
723,Vivaan,Operations,Hyderabad,44,16,1750871,106400,4.3,0,2025-10-02
724,Meera,Support,Hyderabad,37,8,1056753,91072,3.6,22,2020-11-04
725,Shrey,Finance,Hyderabad,49,22,266496,113016,4.7,8,2019-02-27
726,Vivaan,Finance,Delhi,31,3,1574042,93147,4.5,24,2025-07-26
727,Sai,Operations,Pune,52,24,1795479,118255,4.7,10,2021-02-27
463,Ananya,Operations,Ahmedabad,43,16,1100292,163637,1.8,0,inf
729,Ishita,IT,Delhi,32,4,1594481,45675,1.0,6,2025-05-11
730,Amit,Support,Ahmedabad,31,7,1332897,197056,4.9,20,2017-10-22
731,Ananya,HR,Delhi,49,21,1791767,44998,2.0,21,2024-06-26
732,Meera,Operations,Hyderabad,47,21,631449,113152,4.5,18,2018-01-01
733,Amit,Marketing,Pune,26,0,665794,78624,3.8,5,2015-07-20
734,Amit,Support,Kolkata,30,,1021584,54596,4.8,3,2015-12-17
735,,Sales,Bengaluru,52,30,720776,197056,1.8,25,2019-05-24
736,Sai,Sales,Bengaluru,48,24,1508464,66509,5.0,9,2025-04-14
737,Karan,IT,Mumbai,22,0,799033,71731,3.5,7,2020-10-22
738,Rohan,Finance,Delhi,51,28,927895,191671,2.6,6,2021-12-14
739,Rohan,Operations,Mumbai,27,0,373212,23661,2.3,7,2022-06-20
740,Meera,IT,Bengaluru,21,0,1308101,172439,2.5,12,2025-06-05
741,Pooja,Sales,Bengaluru,37,14,1306433,139195,4.7,14,2017-02-11
756,Amit,Finance,Pune,37,15,906973,21576,4.9,15,2019-12-12
743,Arjun,Marketing,Kolkata,60,35,1334170,92053,2.7,5,2020-12-16
744,Karan,Sales,Delhi,24,0,561680,24304,1.9,1,2022-05-06
745,Vihaan,Support,Bengaluru,52,31,1175933,103459,5.0,17,2022-08-16
746,Riya,Marketing,Hyderabad,28,2,446247,63407,4.5,5,2017-12-17
747,Vihaan,Finance,Mumbai,58,37,1353134,159628,1.7,2,2018-08-22
748,Aditya,Sales,Kolkata,39,17,1076633,107926,3.4,3,2020-03-01
749,Priya,Operations,Bengaluru,50,25,1496136,182492,1.0,1,2025-10-15
750,Rahul,IT,Chennai,34,13,1599819,84174,2.3,1,2016-09-20
751,Rahul,Finance,Bengaluru,37,14,753484,114573,1.4,,2017-07-25
752,Neha,Operations,Delhi,28,3,1279376,123340,3.9,9,2025-10-05
753,Rohan,Sales,Delhi,44,15,669160,138351,2.8,12,2022-05-19
754,Priya,Sales,Hyderabad,48,22,1537374,58852,2.7,13,2016-01-17
755,Aditya,Support,Kolkata,30,2,1355783,175035,3.6,2,2019-08-14
756,Ishita,IT,Delhi,40,,517994,189388,4.6,7,2023-07-10
757,Ishita,Support,Pune,23,0,475721,143864,2.7,3,2022-11-24
758,Karan,HR,Bengaluru,43,18,1478024,31435,4.1,0,2016-12-22
759,Karan,Support,Kolkata,46,25,424672,119117,4.5,9,2020-10-24
760,Vihaan,Sales,Mumbai,60,35,965830,59071,1.8,2,2024-05-28
761,Rohan,Operations,Kolkata,21,0,494692,13487,1.7,15,2022-12-13
762,Ananya,IT,Bengaluru,40,10,1543407,104562,3.8,22,2025-07-26
763,Sneha,Operations,Bengaluru,29,8,650140,39337,4.3,22,-inf
764,Amit,IT,Delhi,36,9,1562941,151186,1.8,9,2022-03-16
765,Karan,Marketing,Hyderabad,31,8,1799336,194181,2.8,15,inf
766,Amit,Sales,Kolkata,33,8,1444182,112690,1.2,0,2016-11-28
767,Pooja,Marketing,,58,28,1783182,155307,5.0,1,2022-07-16
768,Amit,Sales,Delhi,35,14,1357943,14985,,10,2023-02-09
769,Reyansh,Sales,Ahmedabad,52,22,1605137,100902,2.8,13,2015-03-10
770,Karan,HR,Pune,49,25,1314589,67593,3.4,21,2020-10-28
968,Reyansh,Finance,Delhi,45,18,1661608,181049,3.9,25,2022-03-20
772,Ananya,HR,Hyderabad,51,28,613417,62293,1.6,15,2016-07-16
137,Priya,HR,Ahmedabad,27,3,1163679,164369,2.6,2,2021-05-24
774,Priya,Support,Ahmedabad,42,15,489010,171890,1.9,17,2018-08-09
775,Vivaan,Sales,Kolkata,23,0,810969,49630,4.4,16,2024-11-04
776,Vihaan,HR,Delhi,28,6,1530463,169817,4.1,3,2023-01-17
777,Vihaan,HR,Ahmedabad,34,,579321,86578,3.8,24,2023-08-24
778,Sneha,Finance,Pune,42,19,507915,62924,2.8,13,2015-04-27
779,Shrey,HR,Chennai,53,30,428748,79734,2.5,24,2021-06-21
780,Aarav,Sales,Bengaluru,35,12,1149306,118372,4.7,14,2023-11-12
781,Rahul,Support,Mumbai,21,0,395922,32224,2.4,12,2017-07-02
782,Amit,Sales,Pune,30,0,371235,175572,4.9,25,2025-09-10
783,Karan,Operations,Hyderabad,41,15,266572,83342,4.6,19,2017-12-13
784,Reyansh,Finance,Delhi,55,25,1546433,180927,2.8,11,2025-07-25
419,Neha,Marketing,Kolkata,45,23,1059240,77263,3.2,9,2015-09-27
786,Meera,Marketing,Pune,53,24,904840,146665,2.4,20,2017-01-01
696,Pooja,Finance,Delhi,36,11,1773600,120820,4.9,3,2015-06-09
788,Ishita,Marketing,Hyderabad,24,2,1191069,88108,3.3,0,2022-06-08
789,Rahul,Marketing,Hyderabad,43,18,846714,184829,4.1,22,2024-11-05
718,Aditya,Sales,Bengaluru,52,31,366029,32001,2.3,9,2016-07-12
791,Aditya,Finance,Chennai,47,25,443459,26303,2.7,4,2022-04-15
792,Karan,Operations,Kolkata,58,29,1338306,113489,4.5,18,2022-11-14
638,Pooja,Support,Delhi,47,24,552715,142588,1.5,22,2022-03-23
197,Amit,IT,Delhi,34,6,1242698,18547,4.0,17,2020-02-20
795,Ananya,Finance,Kolkata,44,14,857315,20559,3.1,3,2020-05-12
796,Sneha,IT,Delhi,22,0,548088,164566,2.7,9,2019-04-06
797,Priya,Support,Chennai,56,30,391693,21713,2.7,18,2019-10-15
798,Arjun,Support,Ahmedabad,51,21,528521,46312,3.0,14,2022-11-15
799,Vivaan,Operations,Kolkata,26,0,1643562,173470,2.6,7,2021-06-18
800,Vihaan,Operations,Delhi,38,16,597319,195390,1.1,20,2019-09-21
801,Sneha,Marketing,Mumbai,33,3,1386308,161219,4.0,18,2023-04-25
802,Ishita,Sales,Delhi,28,0,626949,14973,2.1,6,2018-12-27
803,Sai,Sales,Mumbai,55,25,921992,115328,3.4,15,2015-06-14
804,Arjun,HR,Pune,54,28,1051135,77417,1.4,3,2023-03-10
805,Aarav,Operations,Mumbai,26,3,893394,116765,3.7,1,2024-06-06
321,Priya,IT,Mumbai,25,4,385207,61839,4.6,14,2017-02-28
870,Riya,IT,Ahmedabad,36,6,1478992,71994,3.0,24,2023-07-04
808,Riya,Marketing,Delhi,50,21,1103701,27159,2.9,13,2025-04-01
809,Pooja,HR,Bengaluru,36,7,1616401,42917,2.2,13,2022-02-28
810,Aarav,Support,Kolkata,44,15,602716,74267,3.2,13,2023-08-02
811,Rahul,Finance,Hyderabad,60,35,1619563,53878,1.0,15,2019-10-09
812,Aditya,Sales,Delhi,58,29,839952,21923,1.6,17,2024-02-10
813,Riya,Support,Kolkata,29,0,836066,123236,1.8,16,2020-11-11
814,Arjun,Operations,Mumbai,38,14,1638895,94315,2.4,14,2024-06-01
815,Sneha,Support,Chennai,59,31,258974,12510,3.7,13,2023-12-23
4,Vihaan,Finance,Chennai,55,33,1611255,180725,1.3,0,2025-08-22
817,Neha,HR,Kolkata,59,33,1061075,56448,4.4,25,2015-02-15
818,Rohan,Operations,Pune,21,0,291485,83697,3.7,22,2020-04-03
274,Reyansh,Support,Chennai,35,11,1285591,105158,1.1,15,2024-04-01
820,Ishita,Operations,Bengaluru,28,3,1443493,141157,3.0,17,2018-11-24
821,Riya,HR,Mumbai,25,0,518952,27052,1.5,18,2018-09-24
822,Vivaan,Support,Ahmedabad,55,25,780413,188436,3.2,14,2015-07-21
823,Vivaan,Operations,Hyderabad,48,21,824694,41907,3.7,14,2022-06-17
824,Aditya,Marketing,Mumbai,24,0,1130934,149568,2.8,0,2021-04-11
825,Vihaan,IT,Kolkata,35,8,406112,75531,1.8,10,2019-02-21
826,Shrey,Finance,Mumbai,48,27,1492627,,4.7,8,2018-02-16
827,Karan,Marketing,Delhi,42,13,746487,29113,4.1,19,2022-02-21
828,Karan,IT,Pune,26,5,319926,108931,2.3,22,2016-03-02
829,Rahul,Sales,Delhi,60,33,387972,36693,3.7,17,2015-05-28
830,Karan,Support,Chennai,60,33,738871,167175,4.1,19,2015-08-13
831,Priya,Marketing,Hyderabad,60,30,462395,99028,3.6,21,2015-08-17
832,Pooja,Finance,Ahmedabad,27,5,275771,166021,3.9,18,2018-10-05
833,Arjun,Finance,Chennai,47,19,1769644,172752,2.8,7,2017-01-02
834,Ananya,Marketing,Ahmedabad,53,27,902609,163004,4.5,24,2017-03-16
835,Pooja,Support,Mumbai,39,13,266948,145706,3.3,21,2017-01-08
836,Sneha,Operations,Kolkata,48,22,659798,62526,3.6,6,2016-06-07
837,Sai,IT,Kolkata,59,33,1463015,158398,4.9,19,2019-07-11
838,Reyansh,HR,Kolkata,23,0,710127,10969,3.6,22,2018-08-20
839,Neha,IT,Delhi,42,15,680579,114939,1.7,0,2020-01-03
840,Reyansh,HR,Pune,30,5,1173602,60961,3.5,24,2020-01-01
841,Aarav,HR,Pune,32,8,799451,198438,1.7,17,2018-03-07
842,Ananya,Sales,Hyderabad,27,6,1670720,45977,2.5,25,2016-06-07
843,Aditya,IT,Bengaluru,44,18,1636026,54920,4.8,25,2024-07-23
844,Shrey,IT,Hyderabad,29,5,651984,149606,2.5,11,2020-10-14
845,Pooja,Marketing,Kolkata,55,30,561567,95899,2.0,20,2019-03-28
846,Pooja,Finance,Kolkata,34,12,1237060,183933,3.5,5,2023-07-25
847,Sneha,Finance,Chennai,54,26,625387,94364,3.8,16,2022-12-16
848,Ananya,Sales,Chennai,,37,684529,67547,4.6,14,2018-07-07
849,Pooja,Finance,Hyderabad,57,34,1034559,76723,3.2,4,2016-05-15
850,Amit,Finance,Kolkata,58,37,1225706,144286,3.5,13,2022-08-14
851,Neha,IT,Pune,41,16,1051889,16479,1.7,7,2019-11-03
852,Aditya,Finance,Mumbai,53,24,1396412,178730,1.3,8,2018-02-04
853,Riya,HR,Bengaluru,55,31,949940,61549,3.7,8,2019-12-27
854,Ishita,Support,Mumbai,55,30,267896,88505,2.1,11,2021-07-27
855,Pooja,Marketing,Kolkata,51,22,563065,114203,1.9,23,2018-08-08
856,Karan,Support,Mumbai,50,24,430094,92070,4.4,13,2021-04-15
857,Neha,Finance,Hyderabad,44,21,1461122,43645,2.2,23,2015-08-26
858,Ishita,IT,Mumbai,47,20,1688148,115740,4.1,22,2023-05-11
859,Rahul,Sales,Hyderabad,29,6,942585,158947,3.5,19,2024-10-28
860,Ananya,IT,Bengaluru,46,24,1370907,111301,1.8,3,2020-10-15
861,Reyansh,IT,Chennai,27,0,622529,18404,4.3,19,2022-01-06
862,Pooja,IT,Bengaluru,39,15,738719,86311,3.6,2,2022-01-12
863,Aditya,Sales,Hyderabad,41,14,1070207,inf,5.0,4,2023-07-16
864,Ishita,Finance,Hyderabad,29,5,899607,123298,inf,21,2022-03-20
865,Rahul,Marketing,Hyderabad,53,25,827641,62875,1.0,4,2022-02-27
866,Ananya,Operations,Kolkata,54,28,1443759,138701,2.8,18,2015-12-03
867,Rohan,Operations,Chennai,43,18,1070175,170701,4.3,5,2021-04-06
868,Shrey,Support,Bengaluru,50,23,1632191,58088,3.8,3,2021-12-02
869,Meera,IT,Ahmedabad,38,9,862136,184760,4.7,22,2018-08-14
870,Vivaan,Sales,Mumbai,25,3,1307792,95462,2.6,5,2019-04-17
871,Riya,IT,Bengaluru,25,0,1049341,100087,4.0,6,2021-01-01
369,Meera,IT,Ahmedabad,31,6,1683173,75683,1.6,1,2019-04-25
873,Rahul,HR,Delhi,38,15,607751,14735,3.4,5,2019-02-18
874,Reyansh,Sales,Mumbai,21,0,571905,125515,2.4,6,2015-11-18
875,Rahul,Support,Hyderabad,54,32,1069186,190970,2.2,1,2024-01-02
876,Reyansh,Operations,Delhi,36,10,750255,62425,1.4,13,2015-01-11
877,Priya,Finance,Hyderabad,35,13,1642737,54009,3.9,1,2021-09-04
878,Neha,Finance,Bengaluru,60,36,1386032,113563,4.8,3,2018-04-04
879,Riya,Operations,Ahmedabad,21,0,1621522,92900,1.0,6,2022-04-03
880,Meera,Support,Bengaluru,23,1,708355,117766,2.2,19,2022-02-23
881,Arjun,Finance,Bengaluru,37,15,1508012,95027,4.9,22,2021-11-25
882,Shrey,Marketing,Mumbai,41,13,391586,97845,1.1,18,2022-07-17
883,Aditya,IT,Bengaluru,35,14,1542576,42520,2.2,23,2021-04-20
884,Rohan,Sales,Ahmedabad,44,16,872046,62956,1.6,6,2025-01-08
885,Ananya,Support,Mumbai,29,4,915926,178716,4.1,1,2023-07-21
886,Shrey,Marketing,Chennai,35,9,968753,73504,1.8,1,2025-04-26
887,Vivaan,Operations,Bengaluru,54,28,634922,125962,3.5,2,2022-02-07
888,Aditya,Sales,Kolkata,34,11,442433,55528,3.4,25,2018-04-17
889,Ananya,Marketing,Kolkata,40,17,inf,61782,2.0,5,2024-04-10
890,Sneha,Sales,Chennai,33,8,1259088,30975,4.8,11,2021-07-06
891,Rahul,Sales,Delhi,53,23,1791255,123621,4.0,25,2022-01-25
211,Rohan,Support,Chennai,32,11,1794799,98371,4.2,18,2025-04-06
893,Reyansh,IT,Mumbai,45,16,1520927,136050,1.3,4,2022-04-05
894,Ananya,Operations,Delhi,53,27,1280653,116051,4.7,12,2020-07-16
895,Neha,Marketing,Kolkata,47,26,511048,110879,4.7,5,2018-07-09
826,Shrey,Finance,Mumbai,48,27,1492627,174180,4.7,8,2018-02-16
897,Rohan,Marketing,Bengaluru,22,0,798050,168711,2.8,21,2017-05-08
898,Aditya,Marketing,Hyderabad,21,0,443579,178924,3.8,12,2021-12-19
899,Ishita,Finance,Chennai,48,25,1145214,76288,3.8,16,2023-11-13
900,Reyansh,Operations,Chennai,26,4,1584166,160106,4.1,11,2017-05-24
385,Vihaan,Finance,Hyderabad,28,0,1653040,139526,1.6,2,2023-02-24
902,Vihaan,Sales,Hyderabad,31,8,1035700,58863,3.8,6,2022-03-17
903,Rohan,IT,Bengaluru,32,8,373694,57901,4.2,6,2019-07-15
904,Shrey,Sales,Kolkata,26,1,429740,109019,1.5,2,2020-01-19
1150,Shrey,HR,Ahmedabad,59,35,983436,38616,1.3,14,2016-09-03
906,Priya,Marketing,Chennai,54,33,1037828,168068,3.1,24,2019-08-16
907,Rahul,Marketing,Mumbai,42,16,1679964,99935,5.0,7,2020-11-13
908,Arjun,IT,Delhi,43,17,460087,10808,2.8,22,2021-12-27
909,inf,Marketing,Chennai,54,29,1716464,75152,2.5,19,2025-11-28
910,Karan,HR,Kolkata,33,12,1588136,94458,1.1,11,2015-12-11
911,Rahul,Finance,Hyderabad,46,16,420643,101313,2.7,15,2025-12-04
912,Meera,Support,Kolkata,30,1,1449345,197869,3.0,4,2022-02-10
913,Aditya,IT,Chennai,31,3,492595,136397,3.7,7,2018-04-06
914,Vihaan,Operations,Bengaluru,22,0,934721,110529,4.1,7,2019-11-16
915,Priya,Sales,Chennai,55,27,439670,191347,2.3,7,2024-10-03
916,Priya,Operations,Hyderabad,56,29,739407,68602,2.0,9,2016-02-03
917,Ananya,IT,Hyderabad,28,0,1021200,43401,4.4,12,2024-12-01
918,Rohan,Marketing,Hyderabad,45,18,920339,105688,4.2,25,2017-09-22
919,Shrey,Sales,Kolkata,27,0,269269,151110,4.4,10,2017-05-27
920,Ananya,Marketing,Delhi,30,0,844317,48239,4.0,25,2015-10-11
921,Vivaan,Support,Ahmedabad,38,8,1253031,175433,4.3,15,2019-12-13
922,Rahul,Finance,Bengaluru,30,6,1786495,69001,3.8,1,2017-08-24
923,Aditya,Marketing,Pune,22,0,1072682,98450,2.7,15,2020-07-13
924,Vivaan,Support,Pune,39,15,1720331,153657,2.6,4,2020-10-28
925,Reyansh,Support,Hyderabad,50,27,1460386,46060,2.8,15,2019-03-07
926,Sai,IT,Delhi,21,0,1772443,160911,1.4,25,2017-07-14
927,Amit,HR,Chennai,43,15,626717,23755,1.5,16,2025-06-19
928,Rahul,Support,Delhi,36,15,499146,73138,2.6,9,2024-03-21
929,Aditya,IT,Kolkata,50,23,827169,175762,3.6,11,2015-02-04
930,Vihaan,Support,Bengaluru,53,29,298290,163839,3.3,18,2022-05-23
931,Aditya,Operations,Bengaluru,45,17,1601817,194218,,18,2017-02-11
932,Pooja,Support,Delhi,46,25,1075851,155767,4.3,25,2023-08-03
933,Priya,IT,Mumbai,34,12,628880,167051,3.8,0,2023-08-26
934,Vihaan,Marketing,Pune,29,0,682495,181085,1.6,17,2019-01-03
935,Vivaan,Marketing,Pune,44,15,609877,120900,4.9,21,2015-04-10
936,Meera,Marketing,Hyderabad,55,27,543297,161275,3.0,10,2023-06-20
937,Meera,HR,Ahmedabad,27,6,747235,19629,1.8,9,2018-03-20
938,Sai,Sales,Kolkata,38,15,1779042,173135,2.7,17,2019-05-13
939,Riya,Operations,Hyderabad,26,1,1668777,121501,4.8,4,2023-04-03
940,Arjun,Finance,Chennai,44,14,1628495,,4.3,19,2017-07-27
941,Meera,Sales,Delhi,45,24,1515856,74880,1.3,3,2023-02-22
942,Vihaan,Sales,Hyderabad,42,20,1010887,97429,4.1,4,2018-05-01
943,Pooja,Finance,Pune,45,23,509005,56066,3.1,9,2024-08-04
944,,Support,Chennai,56,31,1523950,35969,4.6,5,2020-07-06
945,Arjun,Sales,Pune,51,21,517538,77911,1.0,16,2017-11-05
946,Neha,Support,Kolkata,24,0,1733740,75303,3.7,13,2022-03-15
947,Aditya,Finance,Chennai,53,28,828442,122136,3.1,22,2018-05-21
948,Vivaan,IT,Pune,41,19,1581013,30833,1.3,7,2016-03-19
949,Pooja,Operations,Delhi,56,28,272428,121144,3.7,23,2017-08-16
950,Meera,Operations,Ahmedabad,46,25,1542446,59855,4.6,23,2015-12-14
951,Pooja,HR,Bengaluru,36,7,1684615,169696,1.2,14,2017-11-25
952,Sai,Finance,Delhi,25,0,529589,144659,2.4,1,2021-08-13
953,Aarav,Operations,Chennai,42,18,1380615,40897,2.2,15,2019-05-07
954,Sneha,IT,Ahmedabad,34,9,1598413,145142,4.3,1,2022-10-28
955,Sai,Sales,Ahmedabad,21,0,1215432,96127,2.2,3,2015-06-24
956,Vihaan,Sales,Mumbai,21,0,1153461,138986,1.8,16,2023-03-14
957,Meera,Support,Pune,30,5,724156,133390,2.6,,2020-07-06
958,Reyansh,IT,Hyderabad,27,0,1626318,125174,1.6,11,2021-01-12
959,Reyansh,Sales,Pune,39,18,530347,113427,2.7,10,2015-03-22
960,Rahul,Marketing,Chennai,28,1,1275649,154211,3.0,21,2017-06-25
961,Shrey,IT,Ahmedabad,29,7,476239,15544,1.5,11,2023-01-25
962,Amit,HR,Bengaluru,48,18,1796506,12104,2.7,9,2019-08-03
963,Amit,HR,Kolkata,53,30,773169,83698,4.1,8,2018-11-27
964,Shrey,IT,Bengaluru,27,0,1531570,57497,1.8,18,2025-11-05
965,Aditya,Support,Mumbai,46,25,824329,60378,4.7,13,2015-10-07
966,Sneha,IT,Chennai,45,18,1350944,90332,3.8,7,2018-06-14
193,Arjun,Marketing,Bengaluru,53,32,345008,20201,1.5,10,2022-09-15
968,Amit,HR,Pune,21,0,1635023,94315,1.8,15,2019-10-04
969,Arjun,Finance,Ahmedabad,52,26,951040,89785,1.4,21,2015-11-18
967,Vivaan,HR,Mumbai,inf,0,480801,80581,2.5,,2021-04-11
971,Karan,IT,Delhi,29,0,502401,20758,3.3,20,2018-04-23
1146,Aditya,Finance,Ahmedabad,23,0,1257068,177180,4.4,6,2021-01-19
973,Karan,Operations,Delhi,33,6,1404473,196542,2.0,24,2023-06-12
853,Riya,HR,Bengaluru,55,31,949940,61549,3.7,8,2019-12-27
975,Rahul,Sales,Delhi,39,18,1437354,25936,4.2,22,2018-12-27
976,Reyansh,HR,Mumbai,31,3,1318034,110702,3.2,12,2021-10-09
977,Pooja,Finance,Pune,31,1,706775,165218,3.8,25,2023-08-17
978,Shrey,Finance,Mumbai,35,10,1735317,80389,3.2,5,2018-01-18
979,Reyansh,Marketing,Delhi,30,5,528861,80892,4.5,1,2025-04-27
980,Riya,Operations,Bengaluru,21,0,1576832,168638,4.9,10,2016-12-18
981,Riya,HR,Pune,47,17,868440,,4.9,20,2015-06-08
982,Rohan,Marketing,Hyderabad,22,0,1628494,162898,1.4,23,2021-11-09
983,Shrey,Operations,Chennai,49,25,930028,80462,1.8,20,2021-03-15
984,Ishita,Sales,Bengaluru,44,21,1254550,34560,3.0,14,2017-03-07
985,Aditya,HR,Delhi,39,18,900453,52708,4.5,12,2025-10-07
986,Aarav,Marketing,Delhi,48,24,1204254,179114,4.9,3,2023-03-24
987,Shrey,Support,Delhi,45,18,293444,38845,4.3,24,2025-01-05
988,Priya,Support,Delhi,38,15,1565720,167191,1.1,0,2016-09-24
989,Arjun,HR,Mumbai,33,10,1257525,inf,4.6,5,2019-06-16
990,Vihaan,Marketing,Chennai,55,30,1565933,152504,1.5,1,2016-09-10
991,Ananya,HR,Chennai,30,9,720417,16291,1.9,12,2017-06-21
992,Priya,IT,Ahmedabad,28,0,605591,38871,1.9,9,2020-02-20
993,Amit,HR,Pune,26,5,1517741,49610,1.7,16,2020-10-06
994,Aditya,Support,Mumbai,60,35,980617,37242,2.1,15,2025-06-09
995,Ishita,Sales,Pune,30,7,921625,48739,2.6,23,2022-02-04
996,Amit,Sales,Chennai,30,8,927492,43432,1.7,12,2020-06-16
997,Meera,Marketing,Kolkata,59,33,539871,181430,4.7,12,2021-09-16
998,Shrey,Operations,Delhi,55,26,732585,110827,1.3,22,2021-09-19
999,Arjun,IT,Mumbai,36,10,256010,63288,5.0,0,2020-09-16
1000,Shrey,IT,Bengaluru,43,17,542236,87253,2.8,17,2021-04-07
711,Vihaan,Operations,Delhi,28,5,1041592,16906,3.8,13,2020-01-23
1002,Aarav,Marketing,Chennai,51,21,581713,17913,1.6,4,2016-04-03
1003,Priya,Sales,Mumbai,30,7,1235168,46729,4.0,22,2019-08-14
1109,Vihaan,Sales,Chennai,27,0,1283820,106295,3.7,12,2021-12-26
1005,Shrey,Sales,Bengaluru,48,20,1412149,196491,4.3,18,2023-05-23
1006,Vivaan,HR,Chennai,38,16,1343666,108975,4.9,4,2018-07-20
1007,Rahul,Support,Chennai,32,3,1518951,30239,4.3,14,2022-06-21
1008,Neha,Marketing,Ahmedabad,31,10,1029046,179514,2.7,8,2016-02-03
1009,Ananya,HR,Hyderabad,22,0,841830,52666,3.2,2,2018-10-01
1010,Sneha,IT,Mumbai,23,0,814486,32292,4.9,18,2015-10-26
1011,Reyansh,Finance,Chennai,41,19,897191,12222,4.9,24,2019-07-17
1012,Arjun,IT,Chennai,43,20,1723578,186864,1.4,13,2023-02-17
1013,Aditya,Operations,Hyderabad,51,21,328450,86053,1.6,21,2022-02-21
1014,Pooja,Support,Ahmedabad,34,11,1756918,52217,5.0,16,2023-12-20
1015,Rahul,HR,Hyderabad,49,26,960977,86242,2.4,13,2015-12-25
1016,Ananya,Marketing,Delhi,60,30,407282,49951,3.3,15,2016-01-05
1017,Ishita,Finance,Ahmedabad,52,30,1203801,92239,1.7,9,2017-02-09
1018,Karan,Operations,Bengaluru,26,4,625780,196293,4.1,8,2022-05-25
1019,Rohan,Operations,Bengaluru,28,0,1273953,20378,2.5,9,2021-07-28
1020,Pooja,Sales,Pune,49,23,1324746,173743,4.8,11,2016-11-14
1021,Vihaan,Finance,Chennai,23,0,1600286,24957,4.0,7,2023-01-05
1022,Karan,Sales,Kolkata,31,1,1087351,29130,1.9,14,2025-02-12
1023,Priya,IT,Ahmedabad,27,5,628060,38402,4.7,12,2021-04-13
283,Vivaan,Marketing,Bengaluru,42,12,1269834,65741,3.8,15,2016-05-15
678,Sai,Support,Delhi,47,21,352162,85984,2.2,20,2016-09-07
1026,Riya,Operations,Bengaluru,51,27,363408,65441,4.5,24,2025-07-09
697,Reyansh,Operations,Pune,26,3,395246,81802,2.6,9,2022-07-17
1028,Neha,Sales,Kolkata,32,11,443863,122337,2.4,24,2019-03-07
1029,Rahul,Support,Mumbai,51,22,1694582,52123,4.9,13,2020-12-19
1030,Priya,IT,Bengaluru,56,26,666410,30397,3.9,18,2024-03-11
1031,Aarav,Sales,Bengaluru,50,27,1297413,92944,1.5,21,2021-05-17
1032,Sai,Marketing,Chennai,49,19,454359,19564,1.9,6,2021-12-18
1033,Neha,IT,Pune,34,8,689905,60111,4.9,18,2015-06-27
1034,Neha,Support,Chennai,40,11,511609,193321,3.0,14,2021-07-12
1035,Sai,Marketing,Chennai,54,28,487775,56088,2.8,11,2017-09-20
1036,Vihaan,IT,Delhi,45,20,1633293,190499,3.7,20,2019-12-20
1037,Karan,Marketing,Mumbai,26,5,1542391,117814,1.4,23,2024-09-04
1038,Sneha,IT,Ahmedabad,39,12,694325,68426,4.1,17,2021-02-07
1039,Shrey,Marketing,Pune,50,23,1602368,194506,4.1,12,2015-06-26
1040,Aarav,HR,Ahmedabad,38,13,894657,118715,3.7,0,2021-01-01
1041,Rahul,HR,Chennai,54,24,915784,97841,1.7,18,2021-04-18
1042,Pooja,HR,Chennai,24,0,1149893,43782,4.8,12,2017-07-11
1043,Riya,Support,Bengaluru,35,13,1739030,43116,3.0,20,2024-07-27
1044,Aarav,Marketing,Delhi,41,17,445568,34448,1.1,0,2025-10-05
1045,Shrey,Operations,Hyderabad,57,30,303036,44222,4.9,20,2025-06-06
1046,Vivaan,Finance,Delhi,40,16,1372851,74291,3.9,25,2021-05-22
1047,Vihaan,HR,Pune,30,9,1588793,161874,4.5,3,2022-10-04
639,Vihaan,Finance,Hyderabad,49,19,1465848,95451,2.7,23,2025-06-08
1049,Karan,Support,Bengaluru,47,25,1270300,174018,1.3,21,2021-07-11
1050,Priya,Finance,Kolkata,32,7,271265,56839,3.6,20,2024-01-04
1051,Rohan,IT,Mumbai,60,30,1396057,11314,1.6,23,2019-02-07
1052,Arjun,HR,Delhi,54,25,569492,66703,4.5,3,2018-01-11
1053,Ananya,Sales,Kolkata,29,4,823920,136241,1.8,2,2020-12-18
1054,Rahul,IT,Pune,48,19,1088739,60608,2.0,6,2025-12-09
1055,Riya,Support,Ahmedabad,31,7,1764270,137882,2.7,14,2021-10-24
1056,Aditya,Sales,Bengaluru,60,38,1523591,110413,2.7,18,2020-06-21
1057,Rahul,IT,Delhi,23,0,780712,163844,2.6,19,2025-09-12
1058,Neha,HR,Ahmedabad,32,6,1150489,58736,2.4,2,2018-11-12
1059,Priya,HR,-inf,28,7,918129,190431,1.0,10,2018-08-19
1060,Rohan,Support,Delhi,45,20,1512070,65620,3.1,3,2023-05-23
1061,Sneha,Sales,Mumbai,57,30,1680534,124086,2.3,10,2018-04-02
1062,Shrey,Marketing,Mumbai,38,11,500104,42530,2.8,19,2020-10-13
1063,Rahul,IT,Mumbai,39,18,1599866,160931,5.0,14,2019-03-27
1064,Riya,Finance,Ahmedabad,42,21,395655,133179,1.4,25,2021-12-10
1065,Karan,Sales,Delhi,46,24,1416960,92096,3.0,1,2021-05-23
1066,Amit,HR,Bengaluru,44,14,465468,17677,1.9,0,2017-02-11
1067,Vivaan,Finance,Mumbai,26,2,1768564,106699,4.3,17,2015-12-28
1068,Sai,HR,Kolkata,28,7,888142,29671,2.1,22,2024-07-09
1069,Vihaan,Marketing,Hyderabad,28,5,919689,48797,4.0,13,2025-08-22
29,Aditya,IT,Kolkata,41,17,807034,113752,1.5,20,2019-08-11
1071,Aditya,Sales,Mumbai,26,0,1421291,73537,3.6,23,2018-12-03
1072,Priya,HR,Ahmedabad,34,13,1656138,66658,2.9,12,2018-08-04
1073,Rahul,Sales,Hyderabad,40,12,1624241,50369,4.4,3,2017-04-12
1074,Vihaan,HR,Kolkata,46,22,393947,82833,2.7,21,2019-10-21
1075,Pooja,Sales,Ahmedabad,27,5,754496,14348,4.6,5,2019-01-16
1076,Amit,Marketing,Ahmedabad,37,15,1404071,32037,2.4,6,2017-07-17
1077,Reyansh,Finance,Hyderabad,24,0,821660,106935,1.4,20,2021-12-14
1078,Vivaan,Operations,Hyderabad,,23,1495811,82332,3.1,15,2023-07-04
1079,Meera,IT,Pune,28,4,491566,23929,4.6,18,2019-04-03
1080,Riya,Sales,Hyderabad,35,5,1716983,197648,2.6,12,2016-04-24
1081,Vihaan,HR,Kolkata,31,7,979039,176959,2.2,19,2019-12-01
1082,Arjun,IT,Kolkata,40,16,607003,92604,3.7,5,2017-06-15
1083,Aarav,Marketing,Ahmedabad,48,22,293677,56534,4.9,2,2017-11-25
1084,Aarav,Marketing,Pune,51,21,252110,138006,4.5,15,2016-01-27
1085,Priya,Sales,Kolkata,35,6,1305174,53857,4.0,24,2016-02-10
1086,Neha,Finance,Ahmedabad,43,14,789680,183908,2.9,11,2022-01-27
563,Rohan,Support,Pune,34,4,372021,38652,3.3,20,2023-02-16
1088,Aditya,HR,Chennai,30,4,1294029,18101,2.0,23,2021-06-07
1089,Neha,Finance,Chennai,27,2,1564687,187943,3.2,14,2023-03-09
1090,Rohan,IT,Chennai,58,31,829332,91087,1.8,18,2023-12-11
1091,Karan,Operations,Bengaluru,50,20,977707,85604,1.4,0,2022-11-05
1092,Ananya,IT,Kolkata,54,29,1558193,156313,3.7,9,2022-05-03
1093,Neha,Operations,Mumbai,23,0,843530,165470,1.5,15,2019-01-14
1094,Meera,HR,Delhi,24,0,538817,101807,4.5,25,2023-11-25
1095,Sneha,Finance,Hyderabad,38,15,1787323,61570,2.7,2,2019-04-02
1096,Ishita,Sales,Ahmedabad,45,18,1087001,35726,4.6,9,2024-05-06
1097,Ananya,IT,Pune,58,35,1683028,62299,2.0,13,2023-04-10
1098,Karan,Operations,Ahmedabad,57,29,1394689,58069,2.5,13,2016-03-17
1099,Meera,IT,Chennai,53,27,1232261,102849,2.7,13,2021-08-01
1100,Rohan,Marketing,Pune,26,3,1540185,89269,4.1,18,2023-06-05
1101,Vivaan,IT,Mumbai,24,0,514106,115628,3.7,14,2023-08-27
1102,Priya,Support,Mumbai,38,16,949365,165802,1.4,9,2024-08-23
1103,Meera,Operations,Kolkata,28,0,1664346,143908,4.0,1,2018-09-05
1104,Aarav,Support,Kolkata,29,5,1667005,177685,4.4,9,2025-05-24
1105,Shrey,HR,Delhi,60,36,490561,27600,1.0,19,2016-09-04
1106,Sai,Support,Hyderabad,51,30,1310748,126343,2.6,3,2019-07-16
1107,Arjun,Operations,Mumbai,55,30,1535050,188604,2.8,21,2024-02-14
1108,Sneha,Finance,Pune,32,9,1628804,73093,1.7,23,2023-04-16
1109,Vihaan,Sales,Chennai,27,0,1283820,106295,3.7,12,2021-12-26
1110,Ananya,IT,Kolkata,48,25,308658,84297,2.8,18,2021-01-19
1111,Neha,Marketing,Hyderabad,23,0,542140,132659,4.5,14,2019-01-06
1112,Ishita,Finance,Kolkata,43,14,1069198,144491,1.3,20,2017-06-21
1113,Sneha,Marketing,Bengaluru,29,4,1630857,89411,4.7,2,2025-08-13
1114,Neha,Marketing,Chennai,57,28,1631824,147739,2.0,22,2020-10-19
1115,Sneha,Finance,Hyderabad,25,4,311911,51727,1.9,21,2016-08-22
1116,Riya,IT,Mumbai,36,14,614900,110685,4.0,13,2016-01-20
1117,Karan,Sales,Bengaluru,25,0,1035010,168999,3.5,0,2017-06-04
1118,Reyansh,Operations,Bengaluru,57,28,668873,61306,2.0,14,2025-05-08
1119,Vivaan,Support,Bengaluru,48,19,653273,32549,3.3,20,2025-02-07
1120,Pooja,Sales,Hyderabad,21,0,1105695,158975,3.2,2,2020-03-22
1121,Aditya,Sales,Chennai,34,4,1243489,141294,2.4,19,2023-03-26
1122,Sneha,HR,Mumbai,45,23,1443599,30484,1.5,16,2019-02-04
1123,Neha,IT,Bengaluru,59,30,943989,15909,1.9,9,2019-07-23
1124,Rahul,Marketing,Mumbai,39,17,1370767,160826,2.0,16,2024-09-10
1125,Priya,Sales,Pune,55,33,1472162,133464,4.7,8,2025-01-02
1126,Shrey,Sales,Delhi,33,7,374553,46513,1.8,23,2020-11-02
965,Rohan,IT,Kolkata,57,27,1724488,19269,2.4,2,2021-10-24
1128,Neha,Sales,Kolkata,29,4,1766932,20942,1.4,15,2023-04-21
1129,Rahul,Operations,Mumbai,40,16,294969,24511,1.1,25,2018-09-20
1130,Amit,Marketing,Bengaluru,56,28,359346,111482,4.1,22,2017-07-23
1131,Amit,IT,Hyderabad,28,0,497448,171389,4.9,11,2020-04-11
1132,Aarav,Support,Hyderabad,35,13,1484420,12634,1.9,23,2023-10-02
1133,Rohan,Operations,Hyderabad,24,2,368813,43217,2.8,9,2015-06-12
1134,Riya,Marketing,Hyderabad,39,16,1521133,114285,2.9,3,2025-02-03
1135,Shrey,Marketing,Pune,52,26,711975,126271,3.9,11,2023-05-28
1136,Aditya,HR,Bengaluru,41,12,1305801,37362,1.2,13,2024-08-09
1137,Karan,Operations,Kolkata,54,30,889503,154956,1.8,11,2017-01-08
316,Aditya,IT,Pune,28,7,1296284,18848,2.1,18,2021-05-27
1139,Reyansh,Sales,Bengaluru,60,33,1288839,14941,4.5,12,2022-01-08
1140,Priya,Support,Pune,48,19,359596,183120,2.2,17,2020-01-20
1141,Vivaan,Support,Delhi,58,34,307346,99376,3.9,19,2021-07-26
1142,Ishita,Support,Pune,56,29,1762669,187725,2.1,17,2022-07-19
313,Neha,Sales,Delhi,52,31,548578,196555,2.1,1,2018-09-14
1144,Rohan,IT,Delhi,42,12,1077538,20120,3.5,11,2019-11-09
1145,Karan,IT,Kolkata,40,10,1635748,94145,4.3,5,2022-08-01
1146,Aditya,Finance,Ahmedabad,23,0,1257068,177180,4.4,6,2021-01-19
1147,Shrey,Operations,Bengaluru,-inf,0,627076,77634,4.1,8,2019-08-05
522,Vivaan,Support,Ahmedabad,57,35,1498290,178363,2.2,23,2024-07-03
1149,Neha,Marketing,Mumbai,58,32,337987,155072,3.9,1,2019-05-01
1150,Shrey,HR,Ahmedabad,59,35,983436,38616,1.3,14,2016-09-03
1151,Priya,Marketing,Ahmedabad,57,31,1678194,119043,1.3,13,2019-03-01
1152,Neha,IT,Pune,42,15,1617297,108229,2.9,9,2024-01-06
1153,Pooja,Support,Ahmedabad,30,0,303551,37848,3.4,25,2020-09-23
1154,Aditya,HR,Chennai,34,7,1471981,18545,3.6,4,2021-11-03
340,Amit,Operations,Bengaluru,31,9,1397239,34406,2.4,19,2022-12-01
1156,Priya,Operations,Delhi,57,32,761765,96162,2.0,24,2020-04-15
1157,Neha,Operations,Kolkata,36,8,1786789,117459,2.4,11,2023-09-03
1158,Amit,Operations,Bengaluru,59,35,1191554,119799,1.9,4,2023-04-25
1159,Arjun,Marketing,Kolkata,59,34,851641,99540,2.3,2,2021-07-17
1160,Sneha,Operations,Delhi,33,10,1202252,14066,1.7,13,2019-09-23
1161,Pooja,Sales,Chennai,29,8,1154753,16273,3.8,2,2017-09-28
1162,Priya,Marketing,Delhi,43,20,1093720,192695,3.2,22,2019-02-11
1163,Amit,Finance,Kolkata,23,1,1799267,103050,4.8,13,2025-08-24
1164,Ishita,-inf,,29,6,1767724,164549,4.7,16,2016-03-01
1165,Vihaan,HR,Pune,50,23,922004,124972,1.7,23,2024-05-25
1166,Amit,Finance,Ahmedabad,52,26,351267,157883,3.1,16,2024-09-28
1167,Riya,Marketing,Ahmedabad,45,19,624165,47538,1.2,23,2018-07-17
1168,Sai,Finance,Pune,27,1,847249,53409,1.5,8,2022-08-08
1169,Pooja,Support,Bengaluru,59,37,735856,184701,2.1,3,2018-09-27
1170,Aarav,Finance,Hyderabad,22,0,333351,151513,3.2,6,2015-08-27
1171,Vihaan,Sales,Chennai,39,9,1144440,126608,3.1,14,2019-02-23
1172,-inf,Operations,Hyderabad,52,27,432166,45866,5.0,23,2025-02-12
1173,Aditya,Operations,Ahmedabad,25,0,578680,142922,2.3,14,2025-12-17
1174,Vivaan,Operations,Mumbai,23,0,460635,194838,4.2,10,2018-09-22
1175,Sneha,HR,Kolkata,36,13,1479651,108620,4.5,7,2025-04-09
1176,Reyansh,IT,Chennai,32,4,842654,44548,1.8,2,2023-12-24
1177,Riya,Marketing,Chennai,25,0,1419659,170226,1.8,5,2015-07-23
1178,Shrey,Finance,Kolkata,58,34,1587384,101410,2.9,21,2017-05-27
1064,Riya,Finance,Ahmedabad,42,21,395655,133179,1.4,25,2021-12-10
1180,Neha,Operations,Chennai,41,17,1639191,-inf,1.5,14,2020-11-04
1181,Pooja,HR,Chennai,29,1,1275873,167563,2.6,7,2015-05-09
1182,Rahul,Finance,Mumbai,24,0,927782,78578,3.7,13,2021-08-14
1183,Shrey,Marketing,Bengaluru,38,10,1777118,,2.4,1,2019-08-14
1184,Rohan,Marketing,Mumbai,55,31,1561320,38918,4.8,19,2024-06-05
1185,Vivaan,Marketing,Hyderabad,22,0,439273,194740,2.3,11,2023-02-21
1186,Sai,Finance,Ahmedabad,44,15,666158,51154,4.4,12,2018-05-26
1187,Pooja,Sales,Kolkata,47,23,1409622,75196,4.8,1,2015-09-04
1188,Vihaan,Support,Chennai,23,0,843682,89027,1.1,20,2018-01-09
1189,Meera,Marketing,Bengaluru,46,23,816228,32260,1.3,16,2021-01-01
1190,Aarav,Finance,Pune,27,0,1070246,60930,4.3,9,2020-07-17
1191,Amit,IT,Hyderabad,50,26,459042,79276,4.9,18,2022-07-10
1192,Rahul,IT,Kolkata,47,18,834178,136707,2.1,22,2023-09-08
1193,Shrey,Sales,Ahmedabad,46,20,1396264,197322,1.4,7,2024-01-13
1194,Meera,HR,Hyderabad,51,21,478481,178511,2.2,4,2025-02-04
1195,Ishita,Support,Hyderabad,52,22,774223,31990,1.6,19,2022-09-24
1196,Ishita,Marketing,Chennai,24,0,778532,117966,2.2,10,2017-01-11
1197,Priya,Operations,Hyderabad,21,0,1697868,64846,4.0,25,2022-09-16
1198,Aditya,Sales,Bengaluru,41,13,1736604,136614,3.1,23,2016-02-14
1199,Sneha,HR,Kolkata,21,0,1340391,41844,1.7,14,2016-01-14
1200,Riya,Marketing,Ahmedabad,29,0,1126918,114701,1.0,3,2021-05-24
